http://hr.wikipedia.org/wiki/Good_Girl_Gone_Bad		Popis pjesama	1	Skladba	""Take a Bow""___""If I Never See Your Face Again"" (with Maroon 5)"	"Take a Bow___""If I Never See Your Face Again"" (with Maroon 5)"	-21	2
"http://en.wikipedia.org/wiki/United_States_presidential_election,_1816"		Electoral college selection	0	Method of choosing Electors	Each Elector chosen by voters statewide___State is divided into electoral districts, with one Elector chosen per district by the voters of that district"	"Each Elector chosen by voters statewide___State is divided into electoral districts, with one Elector chosen per district by the voters of that district"	-25	0
"http://en.wikipedia.org/wiki/The_Pick,_the_Sickle_and_the_Shovel"		Track listing	4	Performers	First verse: The Grym Reaper Second verse: The Rzarector Third verse: The Gatekeeper___Chorus: The Gatekeeper First verse/Third verse: The Grym Reaper Second verse/Fourth verse: The Gatekeeper___The Rzarector___First verse/Fourth verse: The Gatekeeper Chorus: Kelis/The Grym Reaper Second verse/Third verse: The Grym Reaper___Chorus/First verse: The Rzarector Second verse: The Gatekeeper Third verse: The Grym Reaper___First verse: The Grym Reaper Second verse: The Rzarector Third verse: The Gatekeeper___Chorus/First verse: The Grym Reaper Second verse: The Gatekeeper Third verse: Shabazz the Disciple Fourth verse: Omen Backing vocals: The Aleem Brothers___First verse: Killah Priest Second verse: The Grym Reaper Third verse: Hell Razah___Chorus: The Grym Reaper/The Gatekeeper First verse: The Gatekeeper Second verse: The Grym Reaper___Interlude	Chorus/First verse: The Grym Reaper Second verse: The Gatekeeper Third verse: Shabazz the Disciple Fourth verse: Omen Backing vocals: The Aleem Brothers___First verse/Fourth verse: The Gatekeeper Chorus: Kelis/The Grym Reaper Second verse/Third verse: The Grym Reaper	-19.65217391	0
"http://en.wikipedia.org/wiki/Fairfield,_Connecticut"		Government	2	Special unit	Maintenance Unit 1, Maintenance Unit 2, Transport Unit___Rescue 15 (Volunteer)___Squad 14 (Volunteer), Tac. 14 (Volunteer Dive Unit), Marine 14 (Volunteer Fireboat)___"	"Squad 14 (Volunteer), Tac. 14 (Volunteer Dive Unit), Marine 14 (Volunteer Fireboat)___Maintenance Unit 1, Maintenance Unit 2, Transport Unit"	-20.32608696	0
http://nl.wikipedia.org/wiki/Lijst_van_voetbalinterlands_Nederland_-_Roemeni%C3%AB		Wedstrijden	7	Doelpuntenmakers	1-0: Cruijff '37; 2-0: Cruijff '57___1-0: Bosman '2; 2-0: Kieft '52___1-0: Overmars '43; 2-0: Kluivert '68; 2-1: Moldovan '70___0-1: Cocu '1; 0-2: Babel '85___1-0: Robben '26; 2-0: Kuijt '47___1-0: Goian '71___1-0: Huntelaar '54; 2-0: v. Persie '87___0-1: Lens '9; 0-2: Martins Indi '29; 1-2: Marica '40; 1-3: v.d. Vaart '45(p); 1-4: v. Persie '86___1-0: v.d. Vaart '12; 2-0: v. Persie '56; 3-0: v. Persie '65(p); 4-0: Lens '90	0-1: Lens '9; 0-2: Martins Indi '29; 1-2: Marica '40; 1-3: v.d. Vaart '45(p); 1-4: v. Persie '86___1-0: v.d. Vaart '12; 2-0: v. Persie '56; 3-0: v. Persie '65(p); 4-0: Lens '90	-19.65217391	0
"http://en.wikipedia.org/wiki/Statewide_opinion_polling_for_the_Republican_Party_presidential_primaries,_February_2012"		Polling for completed primaries	5	Other	Michele Bachmann 5%, Ron Paul 5%, Rick Perry 4%, Rick Santorum 2%, Jon Huntsman 1%, Gary Johnson 1%, someone else/not sure 11%___Mitt Romney 15%, Ron Paul 8%, Mitch Daniels 4%, Tim Pawlenty 3%, Haley Barbour 2%, someone else/undecided 13%___Newt Gingrich 14%, Tim Pawlenty 3%, Mike Pence 2%, Mitch Daniels 1%, John Thune 0%, someone else/undecided 23%___Mike Huckabee 14%, Ron Paul 7%, someone else 8%, undecided 8%"	"Mike Huckabee 14%, Ron Paul 7%, someone else 8%, undecided 8%___Newt Gingrich 14%, Tim Pawlenty 3%, Mike Pence 2%, Mitch Daniels 1%, John Thune 0%, someone else/undecided 23%"	-26	0
http://nl.wikipedia.org/wiki/Angela_Groothuizen		Discografie	5	Opmerkingen	als Angela & the Rude / met Ruud Mulder / Nr. 20 in de Single Top 100___als Angela & the Rude / met Ruud Mulder / Nr. 60 in de Single Top 100___Nr. 81 in de Single Top 100___Nr. 13 in de Single Top 100___Als onderdeel van The voice of Holland / met Marco Borsato, Nick & Simon & VanVelzen / Nr. 1 in de Single Top 100 / Alarmschijf___als Angela / met Yes-R / Nr. 31 in de Single Top 100___Nr. 19 in de Single Top 100"	"Als onderdeel van The voice of Holland / met Marco Borsato, Nick & Simon & VanVelzen / Nr. 1 in de Single Top 100 / Alarmschijf___als Angela & the Rude / met Ruud Mulder / Nr. 60 in de Single Top 100"	-27.65217391	0
http://es.wikipedia.org/wiki/Poblaci%C3%B3n_de_Am%C3%A9rica_precolombina		Am??rica del Sur	1	Poblaci??n	15.000___3.000___35.000___10.000___50.000___25.000___92.000-113.000___20.000-26.000 6.000-8.000 6.000-8.000 8.000-10.000___31.000-35.000 12.000 3.000 8.000-10.000 8.000-10.000___35.000-44.000 6.000-8.000 8.000-10.000 3.000-4.000 3.000-4.000 5.000-6.000 10.000-12.000___6.000-8.000___230.000-251.000	35.000-44.000 6.000-8.000 8.000-10.000 3.000-4.000 3.000-4.000 5.000-6.000 10.000-12.000___20.000-26.000 6.000-8.000 6.000-8.000 8.000-10.000	-24	0
http://en.wikipedia.org/wiki/Chamber_of_Deputies_(Brazil)		Federal Representation	8	% Of the population represented by MPs	100%___110%___104%___106%___106%___106%___94%___101%___105%___83%___94%___116%___107%___117%___105%___410%___86%___447%___117%___120%___98%___93%___189%___681%___142%___211%___156% average (Number of Members / Representatives of national average)	156% average (Number of Members / Representatives of national average)___211%	-23	0
http://en.wikipedia.org/wiki/This_Is_Where_It_Ends		Track listing	1	Title	""There Is Nothing Left""___""Procession of Ashes""___""A Pure Evil""___""Embrace the Curse""___""Spineless""___""The Past Will Haunt Us Both""___""Royalty into Exile""___""My Retaliation""___""Rebirth""___""The Death Plague"" (featuring Alexandre Erian of Obey The Brave,ex-Despised Icon)___""In This Life of Pain"""	"The Death Plague (featuring Alexandre Erian of Obey The Brave,ex-Despised Icon)___""The Past Will Haunt Us Both"""	-20.32608696	0
http://en.wikipedia.org/wiki/Demise_(Nachtmystium_album)		Track listing	1	Title	""Solitary Voyage""___""Scorpio Incarnate""___""Ashes to Ashes""___""The Glorious Moment""___""Rise and Fall""___""Transmission Postmortem (Outro)"" (performed by Azentrius, S.M.T. & A.R.)"	"Transmission Postmortem (Outro) (performed by Azentrius, S.M.T. & A.R.)___""The Glorious Moment"""	-26	0
http://en.wikipedia.org/wiki/List_of_solar_thermal_power_stations	Solar Thermal Power Stations Announced In Other Countries	Announced	3	Location	Ain Beni Mathar, Foum Al Quad, Boujdour, Sebkhat Tah - Morocco___Ouarzazate - Morocco___Ouarzazate - Morocco___??___Tze'elim, Israel___Mashhad, Iran___Mashavei Sadde(Negev), Israel___Passo Martino(CT), Sicily___Agua Prieta(Sonora), Mexico"	"Ain Beni Mathar, Foum Al Quad, Boujdour, Sebkhat Tah - Morocco___Agua Prieta(Sonora), Mexico"	-21.65217391	0
http://en.wikipedia.org/wiki/List_of_Chappelle%27s_Show_episodes		Season 2: 2004	0	Title	Music Jump-Off___The Best Of Chappelle's Show Season 2: Volume 2	Music Jump-Off___The Best Of Chappelle's Show Season 2: Volume 2	-19.32608696	2
http://en.wikipedia.org/wiki/List_of_free_geology_software		"Visualization, interpretation & analysis packages"	6	Notes	Implemented in OpendTect___Implements GPML___Depends on NumPy and Matplotlib___Interfaces with GMT___Adds specific readers, stereo toolbar, slideshow capability and mining and geology oriented filters to Paraview"	"Adds specific readers, stereo toolbar, slideshow capability and mining and geology oriented filters to Paraview___Depends on NumPy and Matplotlib"	-21	0
http://en.m.wikipedia.org/wiki/List_of_The_Transformers_characters		AutobotsEdit	4	Voiced by	Rob Paulsen___Rob Paulsen___Laurie Faso___Jeff Mackay___Frank Welker (1st Time), Ed Gilbert (2nd Time)"	"Frank Welker (1st Time), Ed Gilbert (2nd Time)___Jeff Mackay"	-23	2
http://en.wikipedia.org/wiki/X_Factor_(German_TV_series)		Judges' categories and their finalists	2	George Glueck	Das Bo___16-24s Raffaela Wais Monique Simon Martin Madeja Kassim Auale	Das Bo___16-24s Raffaela Wais Monique Simon Martin Madeja Kassim Auale	-23	0
http://fr.wikipedia.org/wiki/Ligne_du_Simplon		Service et mat??riel roulant	1	Retour	EC 126 C. LEMANO EC 120 C. VALLESE EC 122 C. MONTE ROSA___EC 128 C. MONTEVERDI	EC 126 C. LEMANO EC 120 C. VALLESE EC 122 C. MONTE ROSA___EC 128 C. MONTEVERDI	-20	0
http://nl.wikipedia.org/wiki/Bassie_%26_Adriaan:_Het_Geheim_van_de_Sleutel		Afleveringen	1	Titel	Het nieuwe nummer___Vakantieplannen___In het vliegtuig___Spanje___Het Spaanse restaurant (Verloren aflevering. Voor uitleg, zie kopje 'Verloren afleveringen')___Het uitstapje___Het auto-ongeluk___Het geheim van de sleutel___De ontvoering___Een sleutel als losgeld___De ontknoping"	"Het Spaanse restaurant (Verloren aflevering. Voor uitleg, zie kopje 'Verloren afleveringen')___Het geheim van de sleutel"	-22	0
http://en.wikipedia.org/wiki/Roosevelt_Boulevard_(Philadelphia)		Major intersections	0	Mile	PA 611 (Broad Street)___1.000 mi = 1.609 km; 1.000 km = 0.621 mi Concurrency terminus	PA 611 (Broad Street)___1.000 mi = 1.609 km; 1.000 km = 0.621 mi Concurrency terminus	-24.65217391	2
http://es.wikipedia.org/wiki/Demograf%C3%ADa_de_Paraguay		Evoluci??n demogr??fica	3	1900-1909	4.586___1.465___5.043___-___1.840 (1906-07) 634 (1914) 0 (1915-16) 1.658 (1917)___5.210 (1927)___-___-___-___7.115	1.840 (1906-07) 634 (1914) 0 (1915-16) 1.658 (1917)___5.210 (1927)	-24	2
http://da.wikipedia.org/wiki/VM_i_fodbold_2010		Indledende runde	1	Hold	England___[[Fil:{{{flag alias-civil}}}|22x20px|border |link=Slovenien]] Slovenien___Algeriet	[[Fil:{{{flag alias-civil}}}|22x20px|border |link=Slovenien]] Slovenien___Algeriet	-32	0
http://ja.wikipedia.org/wiki/%E6%97%A5%E6%9C%AC%E5%B7%A5%E6%A5%AD%E8%A6%8F%E6%A0%BC%EF%BC%88%E4%B8%80%E8%88%AC%E6%A9%9F%E6%A2%B0%EF%BC%89%E3%81%AE%E4%B8%80%E8%A6%A7_(B_1000-1999)			4	??????????????????	ISO 2343 1972 ISO 272 1982 ISO 4762 1977___ISO 4753 1983___ISO 885 2000___ISO 3508 1976 ISO 4755 1983___ISO 1478 1999___ISO 7378 1983___ISO 888 1976___ISO 8991 1986___ISO 4757 1983___ISO 7721 1983___ISO 7721-2 1990___ISO 10664 2005___ISO 23429 2004___ISO 15065 2005___ISO 4759-1 2000___ISO 4759-3 2000___ISO 6157-1 1988___ISO 6157-2 1995___ISO 6157-3 1988___ISO 4042 1989___ISO 15330 1999___ISO 10683 2000___ISO 16048 2003___ISO 10684 2004___ISO 898-1 1999___ISO 898-2 1992 ISO 898-6 1994___ISO 898-5 1998___ISO 3506-1 1997___ISO 3506-2 1997___ISO 3506-3 1997___ISO 3506-4 2003___ISO 2702 1992___ISO 2320 1997___ISO 8839 1986___ISO 898-7 1992___ISO 10666 1999___ISO 7085 1999___ISO 3800 1993___ISO 16047 2005___ISO 10485 1991___ISO 10484 1997___ISO 14589 2000___ISO 3269 1988___ISO 16426 2002___ISO/DIS 8992 2004___ISO 1207 1992 ISO 1580 1994 ISO 2009 1994 ISO 2010 1994___ISO 14580 2001 ISO 14583 2001 ISO 14584 2001___ISO 7045 1994 ISO 7046-1 1994 ISO 7046-2 1990 ISO 7047 1994___ISO 1481 1983 ISO 1482 1983 ISO 1483 1983___ISO 4766 1983 ISO 7434 1983 ISO 7435 1983 ISO 7436 1983___ISO 11381 1994___ISO 7049 1983 ISO 7050 1983 ISO 7051 1983___ISO 1479 1983___ISO 15480 1999 ISO 15481 1999 ISO 15482 1999 ISO 15483 1999___ISO 7053 1992___ISO 10509 1992___ISO 14585 2001 ISO 14586 2001 ISO 14587 2001___ISO 10510 1999___ISO 10644 1998___ISO 14579 2001___ISO 8678 1988___ISO 7380 2004___ISO 7379 1983___ISO 21269 2004 ISO 4762 2004___ISO 4026 2003 ISO 4027 2003 ISO 4028 2003 ISO 4029 2003___ISO 4014 1999 ISO 4015 1979 ISO 4016 1999 ISO 4017 1999 ISO 4018 1999 ISO 8676 1999 ISO 8765 1999___ISO 4032 1999 ISO 4033 1999 ISO 4034 1999 ISO 4035 1999 ISO 4036 1999 ISO 8673 1999 ISO 8674 1999 ISO 8675 1999___ISO 15071 1999 ISO 15072 1999___ISO 10663 1999 ISO 4161 1999___ISO 3408-1 1991 ISO 3408-2 1991 ISO 3408-3 1992___ISO 10642 2004___ISO 10511 1997 ISO 10512 1997 ISO 7040 1997 ISO 7041 2002___ISO 10513 1997 ISO 7042 1997 ISO 7719 1997 ISO 7720 1997___ISO 12125 1997 ISO 7043 1997___ISO 12126 1997 ISO 7044 1997___ISO 21670 2003___ISO 887 2000___ISO 7089 2000 ISO 7090 2000 ISO 7091 2000 ISO 7092 2000 ISO 7093-1 2000 ISO 7093-2 2000 ISO 7094 2000___ISO 10669 1999___ISO 10673 1998___ISO 3912 1977 ISO/R 773 1969 ISO/R 774 1969___ISO 1234 1976___ISO 2339 1986___ISO 2338 1986___ISO 8734 1987___ISO 8736 1986 ISO 8737 1986___ISO 8733 1986 ISO 8735 1987___ISO 3290 1975___ISO 3096 1974___ISO 464 1995___ISO 104 1994 ISO 12043 1995 ISO 12044 1995 ISO 15 1998 ISO 355 1977 ISO 355:1977]]/ADDENDUM 1 1980 ISO 355:1977]]/ADDENDUM 2 1980 ISO 8443 1999___ISO 492 2002___ISO 199 1997___ISO 582 1995___ISO 1132-1 2000___ISO 1132-2 2001___ISO 281 1990___ISO 76 1987___ISO 5753 1991___ISO 1206 2001___ISO 3030 1996___ISO 3031 2000___ISO 7063 2003___ISO 113 1994___ISO 2982-1 1995___ISO 2982(2 2001___ISO 9628 1992___ISO 3228 1993___ISO 6392-1 1996___ISO 3547 1976 ISO 4379 1993___ISO 7146 1993___ISO 14 1982___ISO 4156 1981 ISO 4156:1981]]/AMENDMENT 1 1992___ISO/DIS 53 1996___ISO 54 1996___ISO 1328-2 1997___ISO 677 1976___ISO 678 1976___ISO 8579-1 1993___ISO 8579-2 1993___ISO 6336-5 1996___ISO 14104 1995___ISO 1395 1977 ISO 606 1994___ISO 1275 1995___ISO 4347 1977___ISO 10823 1996___ISO 15654 2004___ISO 100 1975 ISO 22 1975 ISO 99 1975___ISO 4183 1980___ISO 4183 1989___ISO 5294 1989___ISO 13050 1999___ISO 9982 1998	ISO 104 1994 ISO 12043 1995 ISO 12044 1995 ISO 15 1998 ISO 355 1977 ISO 355:1977]]/ADDENDUM 1 1980 ISO 355:1977]]/ADDENDUM 2 1980 ISO 8443 1999___ISO 4032 1999 ISO 4033 1999 ISO 4034 1999 ISO 4035 1999 ISO 4036 1999 ISO 8673 1999 ISO 8674 1999 ISO 8675 1999	-21	0
http://en.wikipedia.org/wiki/Dan_Seals_discography		Music videos	1	Video	""They Rage On""___""Mason Dixon Line""___""All Fired Up""___""I'd Really Love to See You Tonight"" (In a Quiet Room version)"	"I'd Really Love to See You Tonight (In a Quiet Room version)___""All Fired Up"""	-27	2
http://en.m.wikipedia.org/wiki/Leonard_Nimoy		FilmographyEdit	3	Notes	(video game), (voice)___(Voice) Nominated-Golden Raspberry Award for Worst Screen Ensemble (shared with the entire cast)___(Voice)___(Video game), (Voice)___(Voice)___(Cameo)"	"(Voice) Nominated-Golden Raspberry Award for Worst Screen Ensemble (shared with the entire cast)___(Video game), (Voice)"	-27.97826087	0
http://en.wikipedia.org/wiki/PowerBook_G4		Aluminum PowerBook G4	4	"Jan 31, 2005 (Rev D)"	NVIDIA GeForce FX Go5200 with 64 MB of DDR SDRAM or ATI Radeon 9700 with 64 MB or 128 MB of DDR SDRAM___512 MB (two 256 MB) of 333 MHz PC-2700 DDR SO-DIMM SDRAM"	NVIDIA GeForce FX Go5200 with 64 MB of DDR SDRAM or ATI Radeon 9700 with 64 MB or 128 MB of DDR SDRAM___512 MB (two 256 MB) of 333 MHz PC-2700 DDR SO-DIMM SDRAM	-26.30434783	0
http://en.wikipedia.org/wiki/List_of_The_Transformers_characters		Decepticons	2	First appearance	The Rebirth (part 1)___The Rebirth (Part 1) First speaks in The Rebirth (Part 3).___The Rebirth (Part 1)	The Rebirth (Part 1) First speaks in The Rebirth (Part 3).___The Rebirth (Part 1)	-21	2
http://en.wikipedia.org/wiki/Timeline_of_Lebanese_history		17th century	2	Event	Fakhr ad-Din II returns to Lebanon with the beginning of Muhammad Pasha's reign as the new governor of Damascus.___The Battle of Anjar took place on 31 October, near Majdal Anjar between the army of Fakhr ad-Din II and an Ottoman army led by the governor of Damascus Mustafa Pasha.___By the orders of Murad IV, Kutshuk, the governor of Damascus, defeats Fakhr ad-Din who was later executed in Constantinople."	"The Battle of Anjar took place on 31 October, near Majdal Anjar between the army of Fakhr ad-Din II and an Ottoman army led by the governor of Damascus Mustafa Pasha.___By the orders of Murad IV, Kutshuk, the governor of Damascus, defeats Fakhr ad-Din who was later executed in Constantinople."	-27.30434783	0
http://en.wikipedia.org/wiki/List_of_operas_by_Spontini		List	4	Premi??re date	10 October 1797___1797/1798; 1800___Carnival 1798___22 May 1798___1 July 1799___Carnival 1800___1800___28 August 1800___3 November 1801___Carnival 1802___12 May 1804___27 November 1804___12 March 1805___15 December 1807 (French); 26 December 1824 (Italian)___28 November 1809; second version: 28 May 1817; third version: 6 April 1824; fourth version: 26 February 1832___23 August 1814___21 June 1816___22 December 1819; second version: 14 May 1821; third version: 28 February 1826___27 May 1822___23 May 1825 (to celebrate the marriage of Prince Frederick of the Netherlands and Princess Louise of Prussia on 21 May 1825)___28 May 1827 (first version, consisting of the first act only); 12 June 1829 (second version in 3 acts); 6 December 1837 (third version in 3 acts)"	"28 May 1827 (first version, consisting of the first act only); 12 June 1829 (second version in 3 acts); 6 December 1837 (third version in 3 acts)___23 May 1825 (to celebrate the marriage of Prince Frederick of the Netherlands and Princess Louise of Prussia on 21 May 1825)"	-24	0
http://en.wikipedia.org/wiki/Mandy_Ventrice		Collaborations	1	Album	Hello World - Hello Kitty Featured vocalist on ""Be Yourself""; track 3 of the album The first full length musical album for the Hello Kitty franchise Release Date: October 7, 2008 Label: Lakeshore Records___Let Loose - Ian Carey Featuring Mandy Ventrice Featured vocalist for dance/house DJ, Ian Carey Release Date: June 1, 2010 Label: Spinnin Records___Love - Exes of Evil Featured on ""Cheater Cheater""; track 2 of the album First record release for pop band, Exes of Evil Release Date: June 15, 2010___Teflon Don - Rick Ross Performed sample/background vocals on ""Live Fast Die Young""; track 5 of the album Produced by Kanye West Release Date: July 20, 2010 Label: The Island Def Jam Music Group___Forever - Kindervater Featured vocalist on Lovephobia, track 7 of the album Release Date: September 16, 2010 Label: YAWA Recordings___The Annual 2011 - Ministry of Sound Featured vocalist on Let Loose, by Ian Carey, track 8, disc 1 Release Date: November 9, 2010 Label: Ministry of Sound America___Delirious EP - Michael Mind Project Featuring Mandy Ventrice & Carlprit Featured vocalist Release Date: November 19, 2010 Label: Track by Track Records___909s & Valentines EP - Exes Of Evil Featuring Mandy Ventrice Featured vocalist Release Date: February 14, 2011 Label: EXOE Music___909s & Valentines EP - Exes Of Evil Featuring Mandy Ventrice Featured vocalist Release Date: February 14, 2011 Label: EXOE Music___Dance With Me EP - Riz Featuring Pitbull Performed background vocals Release Date: April 3, 2011 Label: iRIZistible Music/Starkid Inc.___Knight Rider - Tito Deville Band Featuring Mandy Ventrice Featured vocalist Release Date: July 24, 2011 Label: Tito Deville Band___Watch the Throne - Jay-Z & Kanye West Performed sample/background vocals on ""Why I Love You"" featuring Mr. Hudson; track 12 of the album Release Date: August 12, 2011 Label: Roc-A-Fella Records___November Skies (11-11-11) (Single) - Lea Composed & Performed background vocals Release Date: October 13, 2011 Label: G-Note Records___Psychopath (Single) - Fred Pellichero Featuring Mandy Ventrice Composer/Vocal Producer Featured Vocalist Release Date: April 17, 2012 Label: Dipiu S.r.l.___Human (Single) - Dim Chris Featuring Mandy Ventrice Composer/Vocal Producer Featured Vocalist Release Date: March 4th, 2013 Label: DJ Center Records___Your Love Gets Me High (Single) - Alex Gaudino Featuring Mandy Ventrice Vocal Producer Featured Vocalist Release Date: March 12th, 2013 Label: Ultra Records___Take The House (Single) - D.One Featuring Mandy Ventrice & Bubba Sparxxx Vocal Producer Featured Vocalist Co-writer Release Date: July 23rd, 2013 Label: Upscale Records"	"Teflon Don - Rick Ross Performed sample/background vocals on ""Live Fast Die Young""; track 5 of the album Produced by Kanye West Release Date: July 20, 2010 Label: The Island Def Jam Music Group___Hello World - Hello Kitty Featured vocalist on ""Be Yourself""; track 3 of the album The first full length musical album for the Hello Kitty franchise Release Date: October 7, 2008 Label: Lakeshore Records"	-24.97826087	0
http://en.wikipedia.org/wiki/Food_Paradise		List of Restaurants by Episode	2	Speciality(s)	Fried Bologna Sandwich, ""Cobblestone French Toast"", meatloaf sandwich served with mashed potatoes and gravy.___Rail-car diner with a full bar - hamburgers, club sandwiches.___Cheeseburgers, cheese fries, milkshakes, pies. ""Double-burger Special"" (14 ounce beef patties)___Gourmet diner - mac n' cheese with ham & peas, Todo Santos Fish Tacos, Mu Shu Pork Burittos, Buffalo Burgers, truffle-oil fries, famous Bloody Marys, Dungeness Crap Chipino, signature crab cakes.___Breakfast quesdillas, ""Cranberry Melt"" (turkey with Swiss cheese and cranberry sauce on toast) ""Mom's Meatloaf"" (served with mashed potatoes and gravy), ""David's Delight"" (omelette stuffed with lox, cream cheese and capers)___Seasonal Menu - Mahi Mahi Special with fresh vegetables paired with wine, braised short ribs with a merlot sauce."	"Gourmet diner - mac n' cheese with ham & peas, Todo Santos Fish Tacos, Mu Shu Pork Burittos, Buffalo Burgers, truffle-oil fries, famous Bloody Marys, Dungeness Crap Chipino, signature crab cakes.___Breakfast quesdillas, ""Cranberry Melt"" (turkey with Swiss cheese and cranberry sauce on toast) ""Mom's Meatloaf"" (served with mashed potatoes and gravy), ""David's Delight"" (omelette stuffed with lox, cream cheese and capers)"	-29.89130435	0
http://id.wikipedia.org/wiki/Pemilihan_Umum_Presiden_dan_Wakil_Presiden_Indonesia_2009		Survei dan hitung cepat	2	Hasil	SBY-Boediono 46,86%, JK-Wiranto 32,46%, Megawati-Prabowo 20,34%___SBY-Boediono 63%, Megawati-Prabowo 21%, JK-Wiranto 11%, belum tahu 5%___SBY-Boediono 67%, Megawati-Prabowo 16%, JK-Wiranto 9%, belum tahu 8%___SBY-Boediono 37,05%,Megawati-Prabowo 31,50%, JK-Wiranto 26,60%___SBY-Boediono 70%, Megawati-Prabowo 18%, JK-Wiranto 7%, belum tahu 5%___SBY-Boediono 67,1%, Megawati-Prabowo 11,8%, JK-Wiranto 6,7%, belum tahu 13%, tidak memilih 1,6%___Prabowo: 32 orang, SBY: 30 orang, Megawati: 16 orang, JK: 14 orang___Alternatif 1 (2 pasangan): SBY-Boediono 72,5%, Megawati-Prabowo 21,5% Alternatif 2 (3 pasangan): SBY-Boediono 70%, Megawati-Prabowo 21%, JK-Endriartono Sutarto 3%, belum tahu 6%___Alternatif 1: SBY-Hidayat Nur Wahid 36,2%, JK-Wiranto 27,6%, Megawati-Prabowo 19,1% Alternatif 2: SBY-Boediono 32,1%, JK-Wiranto 27,3%, Megawati-Prabowo 20,2%, belum tahu 20,4%___Megawati 16,7%, SBY 16,4%, JK 9,2%, belum tahu 31,3%___SBY 34%, Megawati 24,2%, Hamengkubuwono X 6,6%, Abdurrahman Wahid 4,4%, Wiranto 4,1%, Amien Rais 3%, JK 1,9%.___SBY 49,5%, JK 21,7%, Hamengkubuwono X 14,7%___Hamengkubuwono X 17,1%, Hidayat Nur Wahid 11,7%, Sutrisno Bachir 8,7%, Yusril Ihza Mahendra 8,6%, Anas Urbaningrum 3,9%"	"Alternatif 1 (2 pasangan): SBY-Boediono 72,5%, Megawati-Prabowo 21,5% Alternatif 2 (3 pasangan): SBY-Boediono 70%, Megawati-Prabowo 21%, JK-Endriartono Sutarto 3%, belum tahu 6%___Alternatif 1: SBY-Hidayat Nur Wahid 36,2%, JK-Wiranto 27,6%, Megawati-Prabowo 19,1% Alternatif 2: SBY-Boediono 32,1%, JK-Wiranto 27,3%, Megawati-Prabowo 20,2%, belum tahu 20,4%"	-25.58695652	0
http://it.wikipedia.org/wiki/Sailor_Uranus		Poteri e attacchi	2	Nome italiano (anime)	Colpo Fendente di Urano! Azione!/Fendente di Urano, azione!___n/a___n/a___n/a"	"Colpo Fendente di Urano! Azione!/Fendente di Urano, azione!___n/a"	-24	1
http://es.wikipedia.org/wiki/Tipos_de_bombilla_en_automoci%C3%B3n	"Grupo 2 (S??lo para funciones de se??alizaci??n, indicaci??n, marcha atr??s e iluminaci??n de matr??cula)"	Europa	3	Caracter??sticas el??ctricas?€?	12V/6W___12V/21W, 24V/21W___12V/19W___12V/19W___12V/19W___12V/19W___6V/21W, 12V/21W, 24V/21W___12V/21W, 24V/21W___12V/21W, 24V/21W___12V/21W(Filamento principal)/4W(Filamento secundario), 24V/21W(Filamento principal)/4W(Filamento secundaro)___6V/21W(Filamento principal)/5W(Filamento secundario), 12V/21W(Filamento principal)/5W(Filamento secundario), 24V/21W(Filamento principal)/5W(Filamento secundario)___12V/21W(Filamento principal)/5W(Filamento secundario), 24V/21W(Filamento principal)/5W(Filamento secundario)___12V/24W___12V/24W___12V/24W___12V/24W___12V/27W(Filamento principal)/7W(Filamento secundario)___12V/27W(Filamento principal)/7W(Filamento secundario)___12V/27W(Filamento principal)/7W(Filamento secundario)___6V/5W, 12V/5W, 24V/5W___12V/5W, 24V/5W___6V/10W, 12V/10W, 24V/10W___12V/10W, 24V/10W___6V/10W, 12V/10W, 24V/10W___6V/4W, 12V/4W, 24V/4W___12V/2.3W___6V/3W, 12V/3W, 24V/3W___6V/5W, 12V/5W, 24V/5W___12V/5W, 24V/5W___6V/5W, 12V/5W, 24V/5W___12V/15W(Filamento principal)/5W(Filamento secundario)___12V/16W___12V/21W___12V/21W___12V/21W(Filamento principal)/5W(Filamento secundario)"	"6V/21W(Filamento principal)/5W(Filamento secundario), 12V/21W(Filamento principal)/5W(Filamento secundario), 24V/21W(Filamento principal)/5W(Filamento secundario)___12V/21W(Filamento principal)/5W(Filamento secundario), 24V/21W(Filamento principal)/5W(Filamento secundario)"	-22	0
http://fr.wikipedia.org/wiki/Union_d%C3%A9mocratique_et_chr%C3%A9tienne_slovaque		Principaux r??sultats ??lectoraux	2	Score (%)	22,09 %___17,09 %___18,35 %___38,05 % (1er tour) 44,47 % (2e tour)___16,98 %___15,42 %___5,83 %"	"38,05 % (1er tour) 44,47 % (2e tour)___15,42 %"	-20	2
http://en.wikipedia.org/wiki/Hydra-class_sloop		Ships	5	Fate	Sold to Williams & Co. for commercial use on 15 June 1863 and renamed Typhoon___Sold for breaking in 1865	Sold to Williams & Co. for commercial use on 15 June 1863 and renamed Typhoon___Sold for breaking in 1865	-25	0
http://en.wikipedia.org/wiki/Kitty_Winn		Body of Work	1	Production Location	Priscilla Beach Theatre___Priscilla Beach Theatre___Priscilla Beach Theatre___Priscilla Beach Theatre___Priscilla Beach Theatre___Boston University___Boston University___Boston University___Harvard College___Boston University___American Conservatory Theater___American Conservatory Theater___American Conservatory Theatre___American Conservatory Theater___American Conservatory Theater___American Conservatory Theater___American Conservatory Theater___American Conservatory Theater___ANTE Theatre and American Conservatory Theater___The Mineola Playhouse___American Conservatory Theater___American Conservatory Theater___American Conservatory Theater___Long Wharf Theatre, New York Shakesphere in the Park, and Mark Taper Forum___The Phoenix Theatre___Ahmanson Theatre___Long Wharf Theatre___Coconut Grove Playhouse___Repertory Theatre of Saint Louis___San Jose Repertory Theatre"	"Long Wharf Theatre, New York Shakesphere in the Park, and Mark Taper Forum___ANTE Theatre and American Conservatory Theater"	-22	0
http://en.wikipedia.org/wiki/2011%E2%80%9312_Canada_women%27s_national_ice_hockey_team		National team	3	Notes	Game winning goal scored by Hayley Wickenheiser Jocelyne Lamoureux was named the U.S. Player of the Game___Jennifer Wakefield notched the game-winning goal	Game winning goal scored by Hayley Wickenheiser Jocelyne Lamoureux was named the U.S. Player of the Game___Jennifer Wakefield notched the game-winning goal	-28.32608696	0
http://en.wikipedia.org/wiki/Annie_Ilonzeh	Film	Filmography	1	Title	Whitley___Percy Jackson & the Olympians: The Lightning Thief	Whitley___Percy Jackson & the Olympians: The Lightning Thief	-20	2
http://en.m.wikipedia.org/wiki/Military_equipment_of_the_United_Kingdom		VehiclesEdit	5	Notes	The Rigid Raider is a series of rigid hulled raiding craft, operated mainly by the Royal Engineers and Royal Marines, but also by the Royal Logistic Corps. The Mk 3 craft is capable of 30 knots and can be beached during assaults. It is also used in support of bridging operations.___The Combat Support Boat (CSB) is a powerful, versatile craft designed to support both bridging and amphibious operations. Powered by water jet propulsion it has a shallow draught. It is generally operated by the Royal Engineers as a general-purpose boat in support of diving operations, ship-to-shore re-supply and inland riverine patrols.___Ramped Craft Logistic (RCL) is operated by the Royal Logistic Corps for amphibious operations and is designed to deliver men and material onto beaches.___Army Workboats (WB41 Storm, WB42 Diablo, WB43 Mistral, WB44 Sirocco) are operated by the Royal Logistic Corps as small tugs and general purpose workboats in support of amphibious operations.___Mexeflote rafts are operated by the Royal Logistic Corps for amphibious operations and are designed to deliver vehicles and material between ship and shore.___M3 Amphibious Rigs are used for heavy river crossing and are driven directly into the water itself. They are capable of supporting the weight of even a Challenger 2 Main Battle Tank."	"The Rigid Raider is a series of rigid hulled raiding craft, operated mainly by the Royal Engineers and Royal Marines, but also by the Royal Logistic Corps. The Mk 3 craft is capable of 30 knots and can be beached during assaults. It is also used in support of bridging operations.___The Combat Support Boat (CSB) is a powerful, versatile craft designed to support both bridging and amphibious operations. Powered by water jet propulsion it has a shallow draught. It is generally operated by the Royal Engineers as a general-purpose boat in support of diving operations, ship-to-shore re-supply and inland riverine patrols."	-25.60869565	0
http://en.wikipedia.org/wiki/Elysian_Brewing_Company		Beers	4	Description	Pours golden with orange highlights. Smells sweet like caramel apples with a little spice and orange zest. Taste is bold and balanced with a good amount of citrus and earthy hop bitters to offset the malt character. Finishes dry with a bit of fruit.___Pours dark as night with creamy tan head. A little smokiness on the nose with malty bittersweet chocolate and a little coffee with subtle earthy pumpkin and spices for an overall nice and creamy mouth.___Pours deep copper with ghostly white head. Intense pumpkin, sugar and spice on the nose with a nice bready and malty backdrop to tame all those autumn spices into a remarkably smooth, balanced and delectable fall treat.___A very drinkable pumpkin ale, brewed with seven and a half pounds of pumpkin per barrel and spiced in conditioning with ginger, cinnamon, nutmeg, cloves and allspice.___A mind-bending whirl of the aromas and flavors of blood orange and Northwest hops."	"A mind-bending whirl of the aromas and flavors of blood orange and Northwest hops.___A very drinkable pumpkin ale, brewed with seven and a half pounds of pumpkin per barrel and spiced in conditioning with ginger, cinnamon, nutmeg, cloves and allspice."	-28.32608696	0
http://en.wikipedia.org/wiki/Food_Paradise		List of Restaurants by Episode	2	Specialty(s)	40 day Himalayan salt cured dry aged free aged prime beef (hot rock skewers, Kobe beef sashimi)___28-35 day dry aged beef, broiled steaks (New York strip)___17 pound prime rib roast, spinning bowl farmhouse salad___""Do-It-Your-Own Steakhouse""-pick out and grill your own choice meat, (only haunted steakhouse in U.S.)___Hibachi-grilled Kobe beef steaks___8 week dry aged beef, wine & steak (8 ounce Delmonico steak), world's largest wine selection of any restaurant (1/2 million bottles in underground wine cellar)"	"8 week dry aged beef, wine & steak (8 ounce Delmonico steak), world's largest wine selection of any restaurant (1/2 million bottles in underground wine cellar)___""Do-It-Your-Own Steakhouse""-pick out and grill your own choice meat, (only haunted steakhouse in U.S.)"	-24.91304348	0
http://en.wikipedia.org/wiki/Food_Paradise		List of Restaurants by Episode	2	Specialty(s)	Amylu Sausages - ""Amy's Omlette"" (Apple & gouda cheese chicken sausage, brie and asparagus stuffed omelette), veal chive sausage, Chorizo (Mexican sausage hash) and Andouille sausage___Pork shoulder sausage patties. ""Big Nasty"" (Southern-fried chicken breast and chedder cheese between two big biscuts smothered with homemade pork sausage gravy)___""Elgin Sausage"" (aka ""Hot Guts"") (Smoked long-link natural casing beef sausage with a pepper fiery flavor grilled over post oak wood)___Exotic sausages: Char-grilled rattlesnake sausage, buffalo sausage, crocodile & pork andouille sausage and duck & bacon sausage___Usinger's Famous Sausage: Dunkel Beer and applewood bacon flavored bratwurst in a corn-dusted bun or fresh-baked pretzel roll___Homaemade Italian sausages (Sicilian-style natural casing pork sausage with wild fennel, salt & pepper and secret spices), sausage Parmesan on a fresh-baked focaccia roll___""Bangers and Mash"" (English-style pork water-plumped sausage with mashed potatoes, fried onions and green peas served with ""pub mustard"", Banger Sausage Roll (pigs in a blanket-style), Scotch Egg"	"Bangers and Mash (English-style pork water-plumped sausage with mashed potatoes, fried onions and green peas served with ""pub mustard"", Banger Sausage Roll (pigs in a blanket-style), Scotch Egg___Homaemade Italian sausages (Sicilian-style natural casing pork sausage with wild fennel, salt & pepper and secret spices), sausage Parmesan on a fresh-baked focaccia roll"	-22.97826087	0
http://en.wikipedia.org/wiki/South_Pacific_air_ferry_route_in_World_War_II		South Pacific Route (1942)	3	Notes	688 miles (1,107 km) from Penrhyn. 1528th AAFBU, ATC.___1,013 miles (1,630 km) from Aitutaki.___1,186 miles (1,909 km) from Tongatapu. ATC facilities operated by Royal New Zealand Air Force.___1,043 miles (1,679 km) from Norfolk. ATC facilities moved to Archerfield Airport, Brisbane in mid 1942. Detachment of 1557th AAFBU, ATC remained to support transport operations."	"1,043 miles (1,679 km) from Norfolk. ATC facilities moved to Archerfield Airport, Brisbane in mid 1942. Detachment of 1557th AAFBU, ATC remained to support transport operations.___1,186 miles (1,909 km) from Tongatapu. ATC facilities operated by Royal New Zealand Air Force."	-25	0
http://de.wikipedia.org/wiki/Deir_el-Bahari		Gr??ber	4	Funde/Bemerkungen	Ehefrau des Mentuhotep II.___Grab, wurde ab der 22. Dynastie als Mumiendepot genutzt ""Cachette von Deir el-Bahari""___Ehefrau des Mentuhotep II."	"Grab, wurde ab der 22. Dynastie als Mumiendepot genutzt ""Cachette von Deir el-Bahari""___Ehefrau des Mentuhotep II."	-27.32608696	0
http://ru.wikipedia.org/wiki/%D0%9B%D1%83%D1%87%D1%88%D0%B8%D0%B5_%D0%B1%D0%BE%D0%BC%D0%B1%D0%B0%D1%80%D0%B4%D0%B8%D1%80%D1%8B_%D1%87%D0%B5%D0%BC%D0%BF%D0%B8%D0%BE%D0%BD%D0%B0%D1%82%D0%B0_%D0%90%D0%BD%D0%B3%D0%BB%D0%B8%D0%B8_%D0%BF%D0%BE_%D1%84%D1%83%D1%82%D0%B1%D0%BE%D0%BB%D1%83		???????????????????? ??????????	3	?????????????????????? ????????????	1900/01, 1905/06, 1921/22, 1922/23, 1946/47, 1963/64, 1965/66, 1972/73, 1975/76, 1976/77, 1978/79, 1979/80, 1981/82, 1982/83, 1983/84, 1985/86, 1987/88, 1989/90___1930/31, 1932/33, 1933/34, 1934/35, 1937/38, 1947/48, 1952/53, 1970/71, 1988/89, 1990/91, 1997/98, 2001/02, 2003/04___1890/91, 1914/15, 1927/28, 1931/32, 1938/39, 1962/63, 1969/70, 1984/85, 1986/87___1893/94, 1895/96, 1896/97, 1898/99, 1899/00, 1909/10, 1980/81___1891/92, 1892/93, 1894/95, 1901/02, 1912/13, 1935/36___1954/55, 2004/05, 2005/06, 2009/10___1904/05, 1906/07, 1908/09, 1926/27___1902/03, 1903/04, 1928/29, 1929/30___1953/54, 1957/58, 1958/59___1968/69, 1973/74, 1991/92___1936/37, 1967/68, 2011/12___1923/24, 1924/25, 1925/26___1911/12, 1913/14, 1994/95___1888/89, 1889/90___1950/51, 1960/61___1971/72, 1974/75___1920/21, 1959/60___1948/49, 1949/50___1897/98___1919/20___1961/62___1977/78"	"1900/01, 1905/06, 1921/22, 1922/23, 1946/47, 1963/64, 1965/66, 1972/73, 1975/76, 1976/77, 1978/79, 1979/80, 1981/82, 1982/83, 1983/84, 1985/86, 1987/88, 1989/90___1930/31, 1932/33, 1933/34, 1934/35, 1937/38, 1947/48, 1952/53, 1970/71, 1988/89, 1990/91, 1997/98, 2001/02, 2003/04"	-25	0
http://en.wikipedia.org/wiki/Collision_Course_(album)		Track listing	2	Writer(s)	S. Carter, T. Mosley, K. Joshua, Linkin Park___S. Carter, J. Burks, T. Mosley, Linkin Park___Linkin Park, S. Carter, K. West___S. Carter, K. West, B. Gordy, A. Mizell, F. Perren, D. Richards, Linkin Park___Linkin Park, S. Carter, R. Rubin, N. Landsberg, F. Pappalardi, J. Ventura, L. Weinstein, W. Squier, T. Marrow, A. Henderson"	"S. Carter, K. West, B. Gordy, A. Mizell, F. Perren, D. Richards, Linkin Park___S. Carter, J. Burks, T. Mosley, Linkin Park"	-21	0
http://en.wikipedia.org/wiki/List_of_named_passenger_trains_of_the_United_States_(C)		C	1	Railroad	Santa Fe___Rock Island Southern Pacific___Pennsylvania Richmond, Fredericksburg & Potomac Seaboard Air Line___Canadian Pacific New York Central___New York Central___Boston & Maine___Pennsylvania Railroad, Richmond, Fredericksburg and Potomac Railroad, Atlantic Coast Line Railroad, Norfolk and Western Railway___Baltimore and Ohio Railroad___New York, New Haven, & Hartford___Amtrak___New York Central___Amtrak___Illinois Terminal Railroad___Chicago and Eastern Illinois Railroad___Amtrak___Great Northern___Norfolk & Western___Pennsylvania___New York Central___Santa Fe___Rock Island Southern Pacific___Amtrak___Boston & Maine___Rock Island___Pennsylvania Wabash___Pennsylvania___Canadian Pacific New York Central___Chicago and Eastern Illinois Railroad___Chicago and North Western Railway___Santa Fe___Chicago and North Western Railway___Monon Railroad___Pere Marquette___Monon Railroad___New York Central___Baltimore & Ohio___New York Central___Pennsylvania___Chicago and North Western Railway___Michigan Central___New York Central___Milwaukee Road___Pennsylvania___Monon Railroad___Illinois Terminal Railroad___Chicago and North Western Railway___New Haven Railroad___New York Central___New York Central___New York Central___New York Central___New York Central___New York Central___New York Central___New York Central___New York Central___Pennsylvania___Atlantic Coast Line Richmond, Fredericksburg & Potomac___Southern Pacific___Rock Island___Chicago, Burlington and Quincy___Spokane, Portland & Seattle___New York Central___Chicago and North Western Railway______Peoria and Eastern Railway___Rock Island___Chicago & North Western___Illinois Central"	"Pennsylvania Railroad, Richmond, Fredericksburg and Potomac Railroad, Atlantic Coast Line Railroad, Norfolk and Western Railway___Pennsylvania Richmond, Fredericksburg & Potomac Seaboard Air Line"	-23.32608696	0
http://en.wikipedia.org/wiki/Integrated_Food_Security_Phase_Classification		IPC scale	1	Description	For at least 20 percent of households, food consumption is reduced but minimally adequate without having to engage in irreversible coping strategies. These households cannot fully meet livelihoods protection needs.___At least 20 percent of households have significant food consumption gaps OR are marginally able to meet minimum food needs only with irreversible coping strategies such as liquidating livelihood assets. Levels of acute malnutrition are high and above normal.___At least 20 percent of households face extreme food consumption gaps, resulting in very high levels of acute malnutrition and excess mortality; OR HH households face an extreme loss of livelihood assets that will likely lead to food consumption gaps. extreme loss of livelihood assets that will likely lead to food consumption gaps.___At least 20 percent of households face a complete lack of food and/or other basic needs and starvation, death, and destitution are evident; and acute malnutrition prevalence exceeds 30% ; and mortality rates exceed 2/10000/day"	"At least 20 percent of households face extreme food consumption gaps, resulting in very high levels of acute malnutrition and excess mortality; OR HH households face an extreme loss of livelihood assets that will likely lead to food consumption gaps. extreme loss of livelihood assets that will likely lead to food consumption gaps.___At least 20 percent of households have significant food consumption gaps OR are marginally able to meet minimum food needs only with irreversible coping strategies such as liquidating livelihood assets. Levels of acute malnutrition are high and above normal."	-30.32608696	0
http://sv.wikipedia.org/wiki/Vin_Diesel		Filmografi i urval	1	Titel	Need for Speed: Most Wanted - (Black Edition)___Wheelman	Need for Speed: Most Wanted - (Black Edition)___Wheelman	-22	2
http://en.wikipedia.org/wiki/Atlantic_City_Jitney_Association		Routes	2	Casinos served	Bally's Atlantic City (Park Place and Claridge)___Resorts, Taj Mahal, Showboat, Revel Atlantic City, (county offices also served M-F 8:00-6:00)___Borgata, Harrah's Atlantic City, and Golden Nugget"	"Resorts, Taj Mahal, Showboat, Revel Atlantic City, (county offices also served M-F 8:00-6:00)___Bally's Atlantic City (Park Place and Claridge)"	-24.65217391	0
http://en.wikipedia.org/wiki/List_of_songs_written_by_Goffin_and_King		Hits and charted songs by Goffin and King	4	Other versions	Dion and the Belmonts (later in 1961), Bobby Vinton (in 1968), Smokie (in 1981), Bobby Vee, Stephen Collins, Dick Brave___The Beatles (in 1963), Carole King (in 1980)___Dusty Springfield (in 1965), King (in 1970), Helen Reddy (in 1976, #29)___Dusty Springfield (US #64)___Tom Petty and the Heartbreakers (in 1986)___The Weisstronauts (in 2008)___Bongwater (in 1988)___Dusty Springfield (non-LP B-Side in 1969), King (in 1980)"	"Dion and the Belmonts (later in 1961), Bobby Vinton (in 1968), Smokie (in 1981), Bobby Vee, Stephen Collins, Dick Brave___Dusty Springfield (in 1965), King (in 1970), Helen Reddy (in 1976, #29)"	-26.65217391	0
http://en.wikipedia.org/wiki/The_Real_(TV_series)		Episodes	2	Topics/guests	Guest: Lauren London Topics: Whether one should mention a spouse's weight gain, whether push-up bras are false advertising, a new dance workout based on music-video moves, the girls perform crazy dares tweeted in by viewers and sex expert Dr. V stops by.___Guest: Kody Brown and his wives from Sister Wives Topics: The women discuss ""Things Black People Just Won't Do"", whether one should accept a proposal without a ring, fashion disasters, Prancing Elites performance.___Guest: Daymond John from Shark Tank Topics: The women discuss prenuptial agreements, new comfort foods, the hosts' gay friends join them to give the audience relationship advice and Adrienne teaches the ladies how to take the perfect selfie.___Guest: Patti Stanger from The Millionaire Matchmaker Topics: Celebrity Spawn Gone Wrong, trends that have made it from the hood to Hollywood, Tamar leads a cooking demonstration, outrageous phone apps.___Guest: Taryn Manning Topics: The ladies model swimsuit fashions and have a designer bag giveaway.___Guest: TGT: Tyrese, Ginuwine and Tank Topics: Nail trends, the hosts' frugal secrets, Tamar's husband (Vince Herbert) visits.___Guest: Shanola Hampton Topics: A man discusses wanting his son to date outside their race and products made of bacon.___Guest: Christina Milian and the cast of Naked and Afraid Topics: How to eat favorite foods and work off the calories and the ladies tell what they wear to bed.___Guest: Coco Austin from Ice Loves Coco Topics: Coco gives the ladies a twerking session and Natasha Eubanks visits to share the latest Hollywood gossip___Guest: Gary Owen Topics:A designer-handbag giveaway, the ladies discuss asking for a man's credit card and whether dating a less attractive man is settling, Sophie LaMontagne and Katherine Kallinis from DC Cupcakes visit.___Guest: Paul ""Pauly D"" DelVecchio from Jersey Shore Topics: Miss Lawrence from Bravo's Fashion Queens visits to discusses plus-sized clothing and the ladies sample tasty treats from across the United States.___Guest: Kim Fields Topics: Women who fear pregnancy, Tamar and Tamera talk about their pregnancy experiences, Tamera's son, Aden, visits, Tamar discusses her previous engagements and her plus-one rule.___Guest: Caroline Manzo from The Real Housewives of New Jersey and Tatyana Ali from Second Generation Wayans Topics: The ladies share their beauty secrets, Loni gives hilarious and helpful relationship advice.___Guest: Tabatha Coffey from Tabatha Takes Over Topics: An audience member tries to lighten her skin with cosmetic procedures and the ladies share recipes for at-home spa treatments.___Guests: Duane Martin and Tisha Campbell-Martin Topics: The ladies discuss being friends with an ex's new girlfriend.___Guest: Jeff Lewis from Flipping Out Topics: Tamera, Tamar, and Jeannie bring their husbands to work. Later, the perform dares tweeted in by viewers and discuss hot topics.___Guest: Morris Chestnut Topics: A guest has a lengthy list of exactly what she demands from her ideal man. The ladies share their favorite old-school photos.___Guest: Bethenny Frankel from Bethenny Topics: The ladies face their biggest fears and Adrienne discusses removing her breast implants.___Guest: Margaret Cho Topics: The ladies display hidden their talents, some audience members share their stories. Later, the ladies discuss pre-nups and post-nups and who gets the friends after a breakup."	"Guest: Lauren London Topics: Whether one should mention a spouse's weight gain, whether push-up bras are false advertising, a new dance workout based on music-video moves, the girls perform crazy dares tweeted in by viewers and sex expert Dr. V stops by.___Guest: Daymond John from Shark Tank Topics: The women discuss prenuptial agreements, new comfort foods, the hosts' gay friends join them to give the audience relationship advice and Adrienne teaches the ladies how to take the perfect selfie."	-19.95652174	0
http://en.wikipedia.org/wiki/Lisa_Lavie		Performances on others' albums or programs	2	Work	The Guardian movie soundtrack___Yanni Live at El Morro, Puerto Rico Live concert CD/DVD, and PBS special"	"The Guardian movie soundtrack___Yanni Live at El Morro, Puerto Rico Live concert CD/DVD, and PBS special"	-27	0
http://en.wikipedia.org/wiki/Saeed_Murjan		International goals	4	Score	5-0___4-1___2-1___1:1 a.e.t. (1:1, 1:1) 8:9 PSO"	"1:1 a.e.t. (1:1, 1:1) 8:9 PSO___2-1"	-24.32608696	2
"http://en.wikipedia.org/wiki/Comparison_of_CAD,_CAM_and_CAE_file_viewers"		Comparison of CAD/CAM/CAE file viewers	9	Supported format(s)	IFC, DXF, DWG, CFI, VEC___DXF___DXF, DWG, DWF___DXF, DWG, DRW___CATIA, DXF, DWG, STL, Solidworks, Inventor, Parasolid, ProE, SolidEdge, Wavefront OBJ, 3DS, STEP, IGES___EXP, DWG, DXF___CADMATIC and NUPAS-CADMATIC eBrowser model .ebm___IRONCAD Scene, IRONCAD Drawing, INOVATE Scene, DWG, DXF, IGES, STEP, VRML, Wavefront OBJ, TrueSpace, STL, Parasolid, SolidWorks, Pro/E, Catia V4, Catia V5, UGS, Inventor___DWG, DXF___DWG (2D), DXF (2D), STEP (3D)___DGN, DWG, DXF___DGN, DWG, DXF___DWG, DXF, IGES, STEP, STL, UNISURF, 3D WorkNC, XDW, Parasolid, SolidWorks, Pro/E, Catia V4, Catia V5, UGS, ISO toolpaths, CADDS, Solid Edge___JT, Pro/E, Catia V5, Solidworks, STEP, IGES, Inventor, NX___DXF"	"IRONCAD Scene, IRONCAD Drawing, INOVATE Scene, DWG, DXF, IGES, STEP, VRML, Wavefront OBJ, TrueSpace, STL, Parasolid, SolidWorks, Pro/E, Catia V4, Catia V5, UGS, Inventor___DWG, DXF, IGES, STEP, STL, UNISURF, 3D WorkNC, XDW, Parasolid, SolidWorks, Pro/E, Catia V4, Catia V5, UGS, ISO toolpaths, CADDS, Solid Edge"	-25.65217391	0
http://de.wikipedia.org/wiki/GuruPlug		Varianten und Modifikationen	3	Display	512 MB DDR2___8GB microSD___4x USB 2.0 1x 10/100 RJ45 1x microSD 1x HDMI	4x USB 2.0 1x 10/100 RJ45 1x microSD 1x HDMI___512 MB DDR2	-23	2
http://en.wikipedia.org/wiki/List_of_automobile_sales_by_model		H	2	Production	Indian-built version of the Morris Oxford; almost 4,000,000 in a single generation to 2004.___2,500,000 in the first four generations up to 2008.___Over 8,000,000 of the first six generations up to 2002 in North America, not including global sales elsewhere.___Over 33,677 in a single generation___Over 16,500,000 in eight generations.___Approximately 2,500,000 to September 2006, claims to be the bestselling ""entry level crossover SUV"".___Reached 3,500,000 at the end of September 2010., sold in some markets as the Honda Jazz; the bestselling car in Japan, and the first in that country to outsell the Toyota Corolla since 1969.___264,842 for first, 623,620 for second and 637,132 for third generation. Total of 826,082 was exported to the United States over five generations.___13,084; 11,284 convertibles and 1,800 coupes in three years of production.___1,363 during eleven months of production.___11,536 from its introduction in 1966 until production ceased in May 1970.___112,631 over a single generation.___Hudson's best selling nameplate; approximately 600,000 built over five generations not counting 1916-17 and 1940-42. (Production for 1916-17 and 1940-42 is unknown but a reasonable guess is about 80,000.)___over 5,000,000 in five generations to 2008. Called also ""Avante""___over 5,000,000 in three generations to 2001. Called also ""Verna""___5,000,000 in six generations to 2010."	"Reached 3,500,000 at the end of September 2010., sold in some markets as the Honda Jazz; the bestselling car in Japan, and the first in that country to outsell the Toyota Corolla since 1969.___Hudson's best selling nameplate; approximately 600,000 built over five generations not counting 1916-17 and 1940-42. (Production for 1916-17 and 1940-42 is unknown but a reasonable guess is about 80,000.)"	-29.93478261	0
http://en.wikipedia.org/wiki/Peru_at_the_1972_Summer_Paralympics		Results	3	Time	heats: 44.596 (4th out of 25) final: 44.266___57.914	heats: 44.596 (4th out of 25) final: 44.266___57.914	-21	2
http://en.wikipedia.org/wiki/List_of_BlackBerry_products		Consumer models (8000 - 9000 series)	4	Network	850/900/1800/1900 MHz GSM/GPRS/EDGE___850/900/1800/1900 MHz GSM/GPRS/EDGE___850/900/1800/1900 MHz GSM/GPRS/EDGE___850/900/1800/1900 MHz GSM/GPRS/EDGE, UMTS/HSDPA (DoCoMo model features additional 800 MHz WCDMA frequency), WiFi___EDGE, HSPA, UMTS/HSDPA, HSUPA___GSM/GPRS/EDGE 850/900/1800/1900, UMTS HSPA 2100___GSM/GPRS/EDGE 850/900/1800/1900, UMTS HSPA 2100___CDMA EV-DO 800/1900, GSM/GPRS/EDGE 850/900/1800/1900, UMTS HSPA 2100______UMTS 2100/1900/850/800 and GSM/GPRS/EDGE 850/900/1800/1900 3g/wi-f1___UMTS 2100/1900/850/800 MHz or 2100/1700/900 MHz and GSM/GPRS/EDGE 850/900/1800/1900"	"850/900/1800/1900 MHz GSM/GPRS/EDGE, UMTS/HSDPA (DoCoMo model features additional 800 MHz WCDMA frequency), WiFi___UMTS 2100/1900/850/800 MHz or 2100/1700/900 MHz and GSM/GPRS/EDGE 850/900/1800/1900"	-30.60869565	0
http://en.wikipedia.org/wiki/Van_Dyke_Parks_discography		Compilation albums	1	Title	Arrangements: Volume 1 Released: 2011 Label:___Super Chief: Music For The Silver Screen Released: 2013 Label: Bella Union	Arrangements: Volume 1 Released: 2011 Label:___Super Chief: Music For The Silver Screen Released: 2013 Label: Bella Union	-20	0
https://de.wikipedia.org/wiki/Google_Chrome		Versionen	3	Anmerkungen und wichtige ??nderungen | V8	0.4___1.2___1.3___2.1___2.2___2.3.11.22___2.4.9.19___2.5.9.11___3.0.12.18___3.1.8.12___3.2.10.15___3.3.10.22___3.4.14.21___3.5.10.22___3.6.6.11___3.7.12.20___3.8.9.16___3.9.24.21___3.10.8.4___3.11.10.17___3.12.19.15___3.13.7.5___3.15.0___3.15.0.1___3.16.14.9___3.17.6.14___3.18.5.8 (Linux); 3.18.5.9 (OS X und Windows)___3.19.18.19___3.20.17.13	3.18.5.8 (Linux); 3.18.5.9 (OS X und Windows)___3.8.9.16	-25	2
http://it.wikipedia.org/wiki/RCA_Victor		I dischi pubblicati su RCA Victor in Italia	3	Titoli	Mafioso___Violenza segreta: Idolo nero / Star bar / Regina / Ricordi	Mafioso___Violenza segreta: Idolo nero / Star bar / Regina / Ricordi	-25	2
http://en.wikipedia.org/wiki/Biblical_and_Talmudic_units_of_measurement		Length and distance	5	Notes	Time to walk a mil is 18 minutes.___Distance covered by an average man in a day's walk is 10 parsa'ot. Time to walk a parasa is 72 minutes."	Time to walk a mil is 18 minutes.___Distance covered by an average man in a day's walk is 10 parsa'ot. Time to walk a parasa is 72 minutes.	-32	0
http://pt.wikipedia.org/wiki/Anexo:Lista_de_combates_cinco_estrelas_do_wrestling_profissional		Ring of Honor	1	Luta	Samoa Joe vs. Kenta Kobashi___Dragon Kid, Genki Horiguchi & Ryo Saito vs. CIMA, Naruki Doi & Masato Yoshino___Davey Richards vs. Michael Elgin"	"Dragon Kid, Genki Horiguchi & Ryo Saito vs. CIMA, Naruki Doi & Masato Yoshino___Davey Richards vs. Michael Elgin"	-26	0
http://en.wikipedia.org/wiki/Him_Law		Filmography	3	Notes	Internet serial drama Episode: ""Tales of a Hong Kong Girl""___Internet serial drama___Music video"	"Internet serial drama Episode: ""Tales of a Hong Kong Girl""___Internet serial drama"	-22	0
http://it.wikipedia.org/wiki/Pye_Records		I dischi pubblicati dalla Pye in Italia	3	Titoli	Sorrows___Sandie Shaw Sip 20 1967 The Kinks Face to Face	Sorrows___Sandie Shaw Sip 20 1967 The Kinks Face to Face	-24	2
http://en.wikipedia.org/wiki/Renal_tubular_acidosis			3	Type 4	Mild when present___Hyperkalemia___Deficiency of aldosterone, or a resistance to its effects, (hypoaldosteronism or pseudohypoaldosteronism)"	"Deficiency of aldosterone, or a resistance to its effects, (hypoaldosteronism or pseudohypoaldosteronism)___Mild when present"	-22	0
http://en.wikipedia.org/wiki/2001%E2%80%9302_Huddersfield_Town_F.C._season		Results	4	Result F - A	4 - 1___1 - 0___1 - 3___2 - 1 (Golden goal aet: 90 mins: 2 - 0)	2 - 1 (Golden goal aet: 90 mins: 2 - 0)___1 - 3	-21	2
http://en.wikipedia.org/wiki/Food_Paradise		List of Restaurants by Episode	2	Specialty(s)	Red hot spicy chili, chili con queso with five-alarm chili sauce___""The Great Balls of Fire"" (habenero fritters with ""sunshine and pain"" salsa), ""Volcano"" (Hot barbeque Kalua pork on grarlic bread)___""Vindaloo"" Indian-style curry x 10 = ""Phaal"" (13 different peppers + ghost chilies)___""Kua Kling Phat Tha Lung"" (Shredded beef Thai curry)___*Cornertap - ""Wingfest"" (""XXX Wings"") *Crosstown - ""Dynomite Spicy Challenge"" (""Devil's Sweat Wings"")"	"The Great Balls of Fire (habenero fritters with ""sunshine and pain"" salsa), ""Volcano"" (Hot barbeque Kalua pork on grarlic bread)___*Cornertap - ""Wingfest"" (""XXX Wings"") *Crosstown - ""Dynomite Spicy Challenge"" (""Devil's Sweat Wings"")"	-23.93478261	0
http://nl.wikipedia.org/wiki/Over_the_Edge_(1999)		Resultaten	1	Match	Goldust & The Blue Meanie vs. The Hardy Boyz in een tag team match___Vince McMahon vs. Mideon in een een-op-een match___Kane & X-Pac (c) vs. D'Lo Brown & Mark Henry (met Ivory) in een tag team match voor het WWF Tag Team Championship___Al Snow (c) vs. Hardcore Holly in een Hardcore match voor het WWF Hardcore Championship___Jeff Jarrett & Debra vs. Val Venis & Nicole Bass in een mixed tag team match___Mr. Ass vs. Road Dogg in een een-op-een match___The Union vs. Corporate Ministry in een 8-man elimination tag team match___Triple H (met Chyna) vs. The Rock in een een-op-een match___Steve Austin (c) vs. The Undertaker in een een-op-een match voor het WWF Championship met Shane McMahon als special guest referee	Kane & X-Pac (c) vs. D'Lo Brown & Mark Henry (met Ivory) in een tag team match voor het WWF Tag Team Championship___Steve Austin (c) vs. The Undertaker in een een-op-een match voor het WWF Championship met Shane McMahon als special guest referee	-20.65217391	0
http://en.wikipedia.org/wiki/List_of_The_Transformers_characters		Decepticons	2	First appearance	Appears in Dinobot Island (Part 1). First speaks in Desertion of the Dinobots (Part 1).___Appears in Megatron's Master Plan (Part 2). First speaks in Blaster Blues.___The Rebirth (Part 1)	The Rebirth (Part 1)___Appears in Megatron's Master Plan (Part 2). First speaks in Blaster Blues.	-25	2
http://ja.wikipedia.org/wiki/%E6%96%B0%E5%B9%B9%E7%B7%9A%E3%81%AE%E7%B7%A8%E6%88%90%E8%A8%98%E5%8F%B7	200??? ??????????????€???	???????????????????????????????????????????????????	1	????????????	F1 - F21,F30 - F43, F51 - F59,F61 - F66___H1 - H6___K1 - K11"	"F1 - F21,F30 - F43, F51 - F59,F61 - F66___K1 - K11"	-25	2
http://en.wikipedia.org/wiki/Gasherbrum		History of conquest	2	first ascent	1957 by M. Schmuck, F. Wintersteller, K. Diemberger and H. Buhl (Austria)___1956 by F. Moravec, S. Larch, H. Willenpart (Austria)___1975 by W. Rutkiewicz, A. Chadwick-Onyszkiewicz, J. Onyszkiewicz and K. Zdzitowiecki (Poland)___1958 by W. Bonatti and C. Mauri (Italy)___Unclimbed___Unclimbed, attempted 1998 by French group (2 dead) and by Danish group (Bo Belvedere Christensen, Mads Granlien and Jan Mathorne reaching 6200 m)"	"Unclimbed, attempted 1998 by French group (2 dead) and by Danish group (Bo Belvedere Christensen, Mads Granlien and Jan Mathorne reaching 6200 m)___1975 by W. Rutkiewicz, A. Chadwick-Onyszkiewicz, J. Onyszkiewicz and K. Zdzitowiecki (Poland)"	-27.30434783	0
http://en.m.wikipedia.org/wiki/List_of_The_Transformers_characters		DecepticonsEdit	2	First appearance	The Rebirth (part 1)___The Rebirth (Part 1) First speaks in The Rebirth (Part 3).___The Rebirth (Part 1)	The Rebirth (Part 1) First speaks in The Rebirth (Part 3).___The Rebirth (Part 1)	-21	0
http://fr.wikipedia.org/wiki/User_agent	Exemple	Exemples	2	User Agent	Mozilla/5.0 (compatible; Konqueror/3.5) KHTML/3.5.0 (like Gecko)___Mozilla/5.0 (compatible; Konqueror/4.1; Linux; X11) KHTML/4.1.3 (like Gecko) Fedora/4.1.3-3.fc10___Mozilla/5.0 (compatible; Konqueror/4.2; Linux; X11) KHTML/4.2.1 (like Gecko) Fedora/4.2.1-4.fc10___Mozilla/5.0 (X11; Linux i686) AppleWebKit/533.3 (KHTML, like Gecko) konqueror/4.6.80 Safari/533.3___Mozilla/5.0 (X11; U; Linux i686; fr-FR) AppleWebKit/533.3 (KHTML, like Gecko) konqueror/4.6.80 Safari/533.3"	Mozilla/5.0 (compatible; Konqueror/3.5) KHTML/3.5.0 (like Gecko)___Mozilla/5.0 (compatible; Konqueror/4.2; Linux; X11) KHTML/4.2.1 (like Gecko) Fedora/4.2.1-4.fc10	-22	0
http://es.wikipedia.org/wiki/Anexo:Episodios_de_Aaron_Stone		Primera temporada (2009)	4	Estreno en Espa??a	18 de septiembre de 2009___21 de septiembre de 2009___29 de septiembre de 2009___9 de octubre de 2009___2 de octubre de 2009___9 de octubre de 2009___10 de octubre de 2009___11 de octubre de 2009 y 23 de octubre de 2009 en catalan zona sur___19 de octubre de 2009___23 de octubre de 2009___27 de octubre de 2009___2 de noviembre de 2009___12 de noviembre de 2009___27 de noviembre de 2009___15 de noviembre de 2009___18 de noviembre de 2009___31 de octubre de 2009___29 de diciembre de 2009___12 de diciembre de 2009___31 de diciembre de 2009	11 de octubre de 2009 y 23 de octubre de 2009 en catalan zona sur___31 de diciembre de 2009	-20	0
http://en.wikipedia.org/wiki/Myelodysplastic_syndrome?bloodsPage=10		Classification.	2	Description	also characterized by less than 5% myeloblasts in the bone marrow, but distinguished by the presence of 15% or greater red cell precursors in the marrow being abnormal iron-stuffed cells called ""ringed sideroblasts""___characterized by 5-20% myeloblasts in the marrow___characterized by 21-30% myeloblasts in the marrow (>30% blasts is defined as acute myeloid leukemia)___characterized by less than 20% myeloblasts in the bone marrow and greater than 1*109/L monocytes (a type of white blood cell) circulating in the peripheral blood."	characterized by 5-20% myeloblasts in the marrow___characterized by 21-30% myeloblasts in the marrow (>30% blasts is defined as acute myeloid leukemia)	-21	0
http://en.wikipedia.org/wiki/New_Hope_and_Ivyland_Railroad		Roster	2	Notes	Wears white NHIR livery, open/exposed bin, designated for ballast service, kept in good shape___Wears PRR text, steel frame, wooden platform, used to haul railroad ties and other supplies, kept in good shape___Wears faded chipped CN livery, used to haul ballast and other minerals,___Built by Union Tank Car Co., UTLX, 3 dome tanker___1 dome tanker"	"1 dome tanker___Wears faded chipped CN livery, used to haul ballast and other minerals,"	-22	2
http://en.wikipedia.org/wiki/Lincolnshire_Senior_Cup		"League versus Non-league Groups, 1976-1983"	3	Final details	20 September 1977; Scunthorpe United 3-1 Boston United___4 October 1978; Boston United 2-0 Lincoln City___16 October 1979; Grimsby Town 1-0 Gainsborough Trinity (aet)___14 October 1980; Lincoln City 3-0 Grantham Town___27 January 1982; Boston United 1-1 Lincoln City (aet) Lincoln City won 3-1 in penalty shoot-out___26 October 1982; Scunthorpe United 0-1 Grantham Town	27 January 1982; Boston United 1-1 Lincoln City (aet) Lincoln City won 3-1 in penalty shoot-out___16 October 1979; Grimsby Town 1-0 Gainsborough Trinity (aet)	-20	0
http://en.wikipedia.org/wiki/2010_Denver_Broncos_season		Offseason	4	Notes	signed January 13, waived September 5___signed April 24, released August 24___signed July 7, waived August 23___signed May 14, waived December 11, moved from practice squad to active roster December 22, on final roster___signed June 1, waived July 27___signed June 4, placed on Injured reserve June 17___signed January 7, released August 19___signed January 7, retired on May 16___signed January 7, released June 15___signed June 15, waived August 4___signed March 9, on final roster___signed May 6, released June 4"	"signed May 14, waived December 11, moved from practice squad to active roster December 22, on final roster___signed June 4, placed on Injured reserve June 17"	-22	0
http://en.m.wikipedia.org/wiki/Alloy_steel	Principal low-alloy steels	Low-alloy SteelsEdit	1	Composition	Mo 0.20% or 0.25% or 0.25% Mo & 0.042% S___Cr 0.50% or 0.80% or 0.95%, Mo 0.12% or 0.20% or 0.25% or 0.30%___Ni 1.82%, Cr 0.50% to 0.80%, Mo 0.25%___Mo 0.40% or 0.52%___Ni 0.85% or 1.82%, Mo 0.20% or 0.25%___Ni 1.05%, Cr 0.45%, Mo 0.20% or 0.35%___Ni 3.50%, Mo 0.25%___Cr 0.27% or 0.40% or 0.50% or 0.65%___Cr 0.50%, C 1.00% min___Cr 0.28% or 0.50%, and added boron___Cr 0.80% or 0.87% or 0.92% or 1.00% or 1.05%___Cr 1.02%, C 1.00% min___Cr 0.80%, and added boron___Cr 1.45%, C 1.00% min___Cr 0.60% or 0.80% or 0.95%, V 0.10% or 0.15% min___Ni 0.55%, Cr 0.50%, Mo 0.20%___Ni 0.55%, Cr 0.50%, Mo 0.25%___Ni 0.55%, Cr 0.50%, Mo 0.35%___Si 1.40% or 2.00%, Mn 0.65% or 0.82% or 0.85%, Cr 0.00% or 0.65%___Ni 0.45%, Cr 0.40%, Mo 0.12%, and added boron___Ni 5%, Cr 2%, Si 1.25%, W 1%, Mn 0.85%, Mo 0.55%, Cu 0.5%, Cr 0.40%, C 0.2%, V 0.1%"	"Ni 5%, Cr 2%, Si 1.25%, W 1%, Mn 0.85%, Mo 0.55%, Cu 0.5%, Cr 0.40%, C 0.2%, V 0.1%___Si 1.40% or 2.00%, Mn 0.65% or 0.82% or 0.85%, Cr 0.00% or 0.65%"	-30.32608696	0
http://en.wikipedia.org/wiki/Carter_Family		Selected discography	1	Single | Canadian Country	""A Song to Mama"" (with Johnny Cash)___""Praise the Lord and Pass the Soup"" (with Johnny Cash & The Oak Ridge Boys)"	"A Song to Mama (with Johnny Cash)___""Praise the Lord and Pass the Soup"" (with Johnny Cash & The Oak Ridge Boys)"	-22	0
http://en.wikipedia.org/wiki/C-class_destroyer_(1943)		Ships	6	Fate	Transferred to Pakistan Navy as Shah Jehan 1959, irreparably damaged by Indian Navy warships off Karachi 4 December 1971 and scrapped as aa result___Sold for scrapping 1966___Sold for scrapping 1961___Sold for scrapping 1969___Sold for scrapping 1966___Sold for scrapping 1963___Transferred to Pakistan Navy in 1954 as Taimur, sold out of service"	"Transferred to Pakistan Navy as Shah Jehan 1959, irreparably damaged by Indian Navy warships off Karachi 4 December 1971 and scrapped as aa result___Transferred to Pakistan Navy in 1954 as Taimur, sold out of service"	-29.32608696	0
http://en.wikipedia.org/wiki/Natalia_Mishkutenok		Programs	3	Exhibition	Somewhere in Your Heart by Frank Sinatra War Drums Peasant Dance___Piano Piece (""The Death Spiral"") Peasant Dance Rhapsody on a Theme of Paganini by Sergei Rachmaninov War drums"	"Somewhere in Your Heart by Frank Sinatra War Drums Peasant Dance___Piano Piece (""The Death Spiral"") Peasant Dance Rhapsody on a Theme of Paganini by Sergei Rachmaninov War drums"	-22	0
http://es.wikipedia.org/wiki/Demograf%C3%ADa_de_Paraguay		Evoluci??n demogr??fica	4	1910-1919	350___-___3.128___-___4.696 (1914) 4.644 (1915) 4.942 (1916) 5.686 (1917)___6.306 (1927)___-___-___-___6.306	4.696 (1914) 4.644 (1915) 4.942 (1916) 5.686 (1917)___6.306 (1927)	-24	2
http://en.wikipedia.org/wiki/National_Football_League_player_conduct_controversy		Table	1	Suspension length	First 8 games of 2007 season___Suspended for the first two regular season games in the 2009 season and could play by week three of the season. He can play the final two pre-season games.___Indefinite (ultimately was the minimum of 4 games)___Entire 2009 Season___First 6 games of 2010 season (later changed to 4 games due to continuous following of the NFL personal conduct guidelines)___Weeks 13 and 14 of 2011 season	Suspended for the first two regular season games in the 2009 season and could play by week three of the season. He can play the final two pre-season games.___First 6 games of 2010 season (later changed to 4 games due to continuous following of the NFL personal conduct guidelines)	-22.65217391	0
http://en.wikipedia.org/wiki/List_of_massacres_in_Greece		Greek Revolution (1821- 1832)	5	Notes	Complete destruction, devastation of the island.___Missolonghi received the honorary title of Hiera Polis (Sacred City) by the Greek state."	"Complete destruction, devastation of the island.___Missolonghi received the honorary title of Hiera Polis (Sacred City) by the Greek state."	-22.32608696	0
"http://en.wikipedia.org/wiki/Casiguran,_Sorsogon"		Demographics	1	Pop.	25,804___28,057___30,165___30,995 2,011 = 40,050 2,012 = 41,145"	"30,995 2,011 = 40,050 2,012 = 41,145___30,165"	-20	2
http://simple.wikipedia.org/wiki/1780%E2%80%931789_Atlantic_hurricane_seasons		1770?€?1779	2	Location	Greater Antilles including Puerto Rico and Jamaica; Mobile, Alabama; New Orleans, Louisiana___North Carolina___Saint Kitts and Nevis___Virginia___Virginia___Virginia___Annapolis, Maryland___Caribbean Sea___Outer Banks, Virginia, Newfoundland___Caicos Islands___Virginia___Guadeloupe___Florida___Chesapeake Bay___Central Atlantic, Pennsylvania___Virginia___Cuba___Cape Cod, Massachusetts___Jamaica___Havana, Cuba, Louisiana___Martinique___Atlantic coast"	"Greater Antilles including Puerto Rico and Jamaica; Mobile, Alabama; New Orleans, Louisiana___Outer Banks, Virginia, Newfoundland"	-24	0
http://en.wikipedia.org/wiki/Boomerang_(TV_channel)?oldid=0		Regions	1	Language	English___Spanish Portuguese___French___Italian___English___Spanish___Polish Hungarian Romanian Dutch (subtitles) English English, Polish Russian___English___German___Swedish Norwegian Danish___Thai___Chinese Japanese"	"Polish Hungarian Romanian Dutch (subtitles) English English, Polish Russian___Swedish Norwegian Danish"	-20	0
http://fi.wikipedia.org/wiki/Ego_Trippin%27		Kappalelista	4	Samplet	""Voyage to Atlantis"" - The Isley Brothers_____________________Cover of ""Cool"" - The Time______""Hollywood Knights"" - Brooklyn Dreams________________________""Make It Good"" - Prince Phillip Mitchell___""Celtic Rain"" - Mike Oldfield______""Down Rodeo"" - Rage Against The Machine, ""Shame on a Nigga"" - Ol' Dirty Bastard interpolation___""Ain't Nobody"" - Rufus & Chaka Khan"	"Down Rodeo - Rage Against The Machine, ""Shame on a Nigga"" - Ol' Dirty Bastard interpolation___""Ain't Nobody"" - Rufus & Chaka Khan"	-26.97826087	0
http://en.wikipedia.org/wiki/Benson_(TV_series)		Broadcasting History	1	Time slot	Fridays at 8:00-8:30 pm EST on ABC___Fridays at 8:00-8:30 pm EST on ABC (October 22, 1981 - March 18, 1983) Thursday, March 31, 1983 at 8:00-8:30 pm EST on ABC___Fridays at 8:00-8:30 pm EST on ABC___Fridays at 8:00-8:30 pm EST on ABC (September 16, 1984 - February 22, 1985) Fridays at 9:00-9:30 pm EST on ABC (March 15 - April 5, 1985)___Fridays at 9:30-10:00 pm EST on ABC (October 4, 1985 - January 3, 1986) Saturdays at 8:30-9:30 pm EST on ABC (January 18 - April 19, 1986)"	"Fridays at 8:00-8:30 pm EST on ABC (October 22, 1981 - March 18, 1983) Thursday, March 31, 1983 at 8:00-8:30 pm EST on ABC___Fridays at 8:00-8:30 pm EST on ABC (September 16, 1984 - February 22, 1985) Fridays at 9:00-9:30 pm EST on ABC (March 15 - April 5, 1985)"	-19.63043478	0
http://en.wikipedia.org/wiki/2008_NCAA_Women%27s_Gymnastics_Championship		Champions	3	Bronze	Melanie Sinclair (Florida), Katie Heenan (Georgia), Tiffany Tolnay (Georgia), Kristina Baskett (Utah)___Michelle Stout (Arkansas)___Nikki Childs (Georgia), Ashleigh Clare-Kearny (LSU)___Emily Parsons (Nebraska)___Nicole Willis (Florida)"	"Melanie Sinclair (Florida), Katie Heenan (Georgia), Tiffany Tolnay (Georgia), Kristina Baskett (Utah)___Nikki Childs (Georgia), Ashleigh Clare-Kearny (LSU)"	-22.32608696	0
http://en.wikipedia.org/wiki/Kevin_Costner_and_Modern_West		Discography	0	Title | US Country	Turn It On___From Where I Stand'___Famous for Killing Each Other: Music from and Inspired By Hatfields & McCoys	Famous for Killing Each Other: Music from and Inspired By Hatfields & McCoys___From Where I Stand'	-26.32608696	0
http://en.wikipedia.org/wiki/List_of_music_featured_on_Doctor_Who		"Songs, classical music and popular tunes"	3	Notes	A clip from Top of the Pops showing The Beatles performing was used. Vicki, who is from the 25th century, regards the song as classical music.___Lynda Baron later appeared onscreen as Captain Wrack in the Fifth Doctor serial Enlightenment. Specially composed for the episode.___Played in the Inferno Club.___Stock music from the album The Mood Modern released in 1966. Played in the Inferno Club.___Stock music from the album The Mood Modern released in 1966. Played in the Inferno Club.___Stock music from the album The Mood Modern released in 1966. Played in the Inferno Club."	Played in the Inferno Club.___Stock music from the album The Mood Modern released in 1966. Played in the Inferno Club.	-27	0
http://en.wikipedia.org/wiki/Temuera_Morrison	Video games	Filmography	2	Role	Republic Infantry / Republic Officer___Delta 38___Boba Fett / Jango Fett / Republic Officer 1 / Retired Clone Trooper___Boba Fett	Boba Fett / Jango Fett / Republic Officer 1 / Retired Clone Trooper___Republic Infantry / Republic Officer	-21	0
http://en.wikipedia.org/wiki/Bethnal_Green_and_Bow_(UK_Parliament_constituency)		Election results	2	Candidate	Respect gain from Labour Majority: 823 (1.9%) N/A Swing: 26.2% from Lab to Respect___Labour hold Majority: 10,057 (26.2%) +0.9___Labour win Majority: 11,285 (25.3%) N/A"	"Respect gain from Labour Majority: 823 (1.9%) N/A Swing: 26.2% from Lab to Respect___Labour win Majority: 11,285 (25.3%) N/A"	-25.30434783	0
http://nl.wikipedia.org/wiki/Bloemenbuurt_(Almere)		Openbaar vervoer	1	Route	Station Buiten - Gooisekant___Station Centrum - Station Buiten - Station Oostvaarders - Station Parkwijk - Station Centrum___Schiphol-Oost - Molenbuurt___Amsterdam Holendrecht - Station Buiten	Station Centrum - Station Buiten - Station Oostvaarders - Station Parkwijk - Station Centrum___Amsterdam Holendrecht - Station Buiten	-24	0
http://en.wikipedia.org/wiki/Dutchess_County_LOOP		Routes	2	Streets traveled	Route 9D___Route 9D Myers Corner Road All Angels Hill Road Old Hopewell Road	Route 9D___Route 9D Myers Corner Road All Angels Hill Road Old Hopewell Road	-30	2
http://en.wikipedia.org/wiki/Kirklees		Governance	3	Parish Wards	Brockholes, Fulstone, Hepworth, Holmfirth Central, Honley Central and East, Honley South, Honley West, Netherthong, Scholes, Upper Holme Valley, Upperthong, Wooldale___Flockton, Kirkburton, Kirkheaton, Lepton, Lepton & Whitley Upper, Shelley, Shepley, Thurstonland/Farnley Tyas___None___Battyeford, Crossley, Eastthorpe, Hopton, Northorpe"	"Brockholes, Fulstone, Hepworth, Holmfirth Central, Honley Central and East, Honley South, Honley West, Netherthong, Scholes, Upper Holme Valley, Upperthong, Wooldale___Flockton, Kirkburton, Kirkheaton, Lepton, Lepton & Whitley Upper, Shelley, Shepley, Thurstonland/Farnley Tyas"	-25.65217391	0
