http://en.m.wikipedia.org/wiki/PAW_Patrol		CharactersEdit	3	Personality	Rubble is a gruff but a loveable English bulldog that knows all about skateboards and snowboards. He loves to get dirty then jump into a bath. There's no job Rubble's construction digger can't scoop up!___Using his police truck and megaphone, this German Shepherd is an athletic natural leader who likes to take charge. Chase may be on the case, but he has to watch out for cats and feathers because he's allergic.___Rocky is a mix-breed pup that always has handy resources. He's an enthusiastic recycling dog with a thousand ideas and tools inside of his pup pack.___Zuma is all about the water! This Chocolate Labrador loves to laugh and surf. He lives in his boathouse and dives into action in his hovercraft.___Skye is a fearless and smart Cockapoo who loves to fly in her helicopter or with the wings in her pup pack. She tries everything with a backflip, grace, and a smile."	"Rocky is a mix-breed pup that always has handy resources. He's an enthusiastic recycling dog with a thousand ideas and tools inside of his pup pack.___Skye is a fearless and smart Cockapoo who loves to fly in her helicopter or with the wings in her pup pack. She tries everything with a backflip, grace, and a smile."	-0.721518987	0
http://en.m.wikipedia.org/wiki/List_of_equipment_of_the_Russian_Ground_Forces		Infantry weaponsEdit	4	Notes	Propels ~2000 steel projectiles to a kill radius of 90 meters.___Propels ~400 steel projectiles to a kill radius of 100 meters.___A larger and more powerful version of the MON-100.___~500g TNT, fragmentation mine.___~75g TNT, fragmentation mine.___~240g TNT, anti-personnel blast mine.___5.7 KG TNT.___6.3 kg TNT.___7.5 kg TNT.___~13 kg TNT.___~10 kg TNT."	Propels ~2000 steel projectiles to a kill radius of 90 meters.___A larger and more powerful version of the MON-100.	-0.693333333	0
http://ko.wikipedia.org/wiki/%EB%B8%94%EB%A3%A8%EB%A0%88%EC%9D%B4_%EB%94%94%EC%8A%A4%ED%81%AC	BD-ROM ?????? ????????? ????????? ??????	?????? ??????	4	DTS ?????€??? ????????????	8(48 kHz, 96 kHz), 6(192 kHz)___16-24___48 kHz, 96 kHz, 192 kHz"	"8(48 kHz, 96 kHz), 6(192 kHz)___16-24"	-0.701298701	2
http://pt.wikipedia.org/wiki/Life_After_Death		Faixas	4	Produtor(es)	Kay Gee___Steven ""Stevie J"" Jordan & Sean ""Puffy"" Combs for The Hitmen___Easy Mo Bee for Bee Mo Easy Productions,Inc.___DJ Premier for Works of Mart Productions,Inc.___Sean ""Puffy"" Combs & Steven ""Stevie J"" Jordan for The Hitmen___Sean ""Puffy"" Combs & Steven ""Stevie J"" Jordan for The Hitmen___Clark Kent___Deric ""D-Dot"" Angelettie & Sean ""Puffy"" Combs for The Hitmen___Carlos ""6 July"" Broady, Nashiem Myrick & Sean ""Puffy"" Combs for The Hitmen___RZA for Wu-Tang Productions"	"Kay Gee___Carlos ""6 July"" Broady, Nashiem Myrick & Sean ""Puffy"" Combs for The Hitmen"	-0.705128205	2
http://en.wikipedia.org/wiki/List_of_interplanetary_voyages		Passing flights	5	Notes	Mariner 2 flew by Venus at a minimum distance of 34,773 km. It was the first spacecraft to return data from Venus.___Mars 1 flew within approximately 193,000 km of Mars. Contact with it was lost on 21 March 1963.___Zond 1 was intended as a Venus lander. Contact with it was lost en route.___Mariner 4 returned the first close-up images of Mars.___Zond 2 flew within 1,500 km of Mars. Contact with it was lost en route.___Venera 2 flew by Venus at a distance of 24,000 km, but ceased to operate en route.___Mariner 5 flew by Venus at a minimum distance of 5,000 km.___Mariner 6 flew by Mars.___Mariner 7 flew by Mars."	"Mars 1 flew within approximately 193,000 km of Mars. Contact with it was lost on 21 March 1963.___Mariner 4 returned the first close-up images of Mars."	-0.693069307	0
http://en.wikipedia.org/wiki/Tool_steel		Cold-working types	2	Notes	This type of tool steel air-hardens at a relatively low temperature (approximately the same temperature as oil-hardening types) and is dimensionally stable. Therefore it is commonly used for dies, forming tools, and gauges that do not require extreme wear resistance but do need high stability.___This grade contains a uniform distribution of graphite particles to increase machinability and provide self-lubricating properties. It is commonly used for gauges, arbors, shears, and punches."	"This type of tool steel air-hardens at a relatively low temperature (approximately the same temperature as oil-hardening types) and is dimensionally stable. Therefore it is commonly used for dies, forming tools, and gauges that do not require extreme wear resistance but do need high stability.___This grade contains a uniform distribution of graphite particles to increase machinability and provide self-lubricating properties. It is commonly used for gauges, arbors, shears, and punches."	-0.693181818	0
http://nl.wikipedia.org/wiki/Station_Amsterdam_Lelylaan		Treinen	3	Bijzonderheden	Rijdt 's avonds en in het weekend tot Amersfoort.___Rijdt alleen 's avonds en op zaterdagochtend en op zondagochtend en meestal slechts een deel van het traject. Combi van de serie 2600 en serie 700/12700.	Rijdt 's avonds en in het weekend tot Amersfoort.___Rijdt alleen 's avonds en op zaterdagochtend en op zondagochtend en meestal slechts een deel van het traject. Combi van de serie 2600 en serie 700/12700.	-0.695121951	0
http://en.wikipedia.org/wiki/List_of_colleges_affiliated_to_Mahamaya_Technical_University		List of colleges	3	Course ?€? Wise Total Seats	B.Tech: 750, MBA:120, MCA: 180___B.Tech.: 840, MCA:120, MBA:60___B.Tech: 780+180(2nd shift), MCA: 60, MBA: 120+60(2nd shift)___B.Tech: 570+240(2nd shift), MBA: 120___B.Tech: 570+120(2nd shift), MCA: 60, MBA: 60___MCA: 120___MCA: 120___MCA: 120, MBA: 180___MCA: 120, MBA: 60___MCA: 60___MBA: 120, MCA: 60___MBA: 120___MBA: 180___MCA: 45___B.Tech: 600+300(2nd shift), MCA: 60, MBA: 60___B.Tech: 660, MCA: 60___B.Tech: 600+120(2nd shift), MBA: 60+60(2nd shift), MCA: 60___B.Pharma: 120___B.Tech: 510, B.Pharma: 60, MBA: 60, MCA: 60___B.Tech: 540+120(2nd shift), MBA: 60, MCA: 60___B.Tech: 480, MBA: 60___B.Tech: 540, MBA: 60___B.Tech: 540, MBA: 60, MCA: 60___BHMCT: 60___B.Tech: 660+180(2nd shift), MBA: 120, MCA: 60___B.Pharma: 60___B.Pharma: 120___B.Tech: 540, MBA: 60, MCA: 60___B.Tech: 540, MCA: 60, MBA: 60___BHMCT: 60___B.Arch: 240___B.Tech: 510, MBA: 60___B.Tech: 390, MCA: 60___B.Tech: 390, MBA: 60___B.Tech: 300, MBA: 60___B.Tech: 330, MBA: 60___B.Tech: 420___B.Tech: 300___B.Pharma: 60___MBA: 60___B.Tech: 390, MBA: 60___B.Tech: 360___B.Tech: 390, MBA: 60___MCA: 120, MBA: 60___B.Tech: 360___MBA: 120___B.Tech: 360___B.Tech: 420___MBA: 120___B.Tech: 360___MBA: 120___MBA: 60___MCA: 60, MBA(2nd shift): 60___MBA: 120___MBA: 120___MBA: 60___MBA: 120___MBA: 60___MBA: 120___B.Tech: 480___MBA: 120___MBA: 60___MBA: 120___MBA: 120___B.Tech: 360, B.Arch: 120, MBA: 120___B.Tech: 420___B.Tech: 360___B.Tech: 420, MBA: 60___B.Arch: 120___MBA: 60___MBA: 60___B.Tech: 300___MBA: 180___B.Tech: 120___MBA: 60"	"MCA: 60___B.Tech: 660+180(2nd shift), MBA: 120, MCA: 60"	-0.720930233	2
http://fi.wikipedia.org/wiki/McLaren		McLarenin saavutukset Formula 1 -sarjassa	1	Runko/Moottori Renkaat	M4B M5A BRM V8 BRM V12 G___M5A M7A BRM V12 Ford Cosworth V8 G___M7A M7B M7C M9A Ford Cosworth V8 G___M7D M14A M14D Ford Cosworth V8 Alfa Romeo V8 G___M14A M19A Ford Cosworth V8 G___M19A M19C Ford Cosworth V8 G___M19A M19C M23 Ford Cosworth V8 G___M23 Ford Cosworth V8 G___M23 Ford Cosworth V8 G___M23 M26 Ford Cosworth V8 G___M23 M26 Ford Cosworth V8 G___M26 Ford Cosworth V8 G___M26 M28 M28B M28C M29 Ford Cosworth V8 G___M29B M29C M30 Ford Cosworth V8 G___M29C M29F MP4 Ford Cosworth V8 M___MP4B Ford Cosworth V8 M___MP4/1C MP4/1E Ford Cosworth V8 Ford Cosworth V8 TAG V6 T M___M___MP4/2B TAG V6 T G___MP4/2C TAG V6 T G___MP4/3 TAG V6 T G___MP4/4 Honda V6 T G___MP4/5 Honda V10 G___MP4/5B Honda V10 G___MP4/6 Honda V12 G___MP4/6B MP4/7A Honda V12 Honda V12 G___MP4/8 Ford V8 G___MP4/9 Peugeot V10 G___MP4/10 Mercedes V10 G___MP4/11 Mercedes V10 G___MP4/12 Mercedes V10 Mercedes V10 G___MP4/13 Mercedes V10 B___MP4/14 Mercedes V10 B___MP4/15 Mercedes V10 B___MP4-16 Mercedes V10 B___MP4-17 Mercedes V10 M___MP4-17D Mercedes V10 Mercedes V10 M___MP4-19 Mercedes V10 M___MP4-20 Mercedes V10 M___MP4-21 Mercedes V8 M___MP4-22 Mercedes V8 B___MP4-23 Mercedes V8 B___MP4-24 Mercedes V8 B___MP4-25 Mercedes V8 B___MP4-26 Mercedes V8 P___MP4-27 Mercedes V8 P___MP4-28 Mercedes V8 P	M___MP4-17D Mercedes V10 Mercedes V10 M	-0.696969697	2
http://es.wikipedia.org/wiki/Campeonato_FIA_GT		Campeones	2	GT2	Oreca - Chrysler Viper GTS-R___Larbre - Porsche 911 GT3-R___JMB Racing - Ferrari 360 Modena___Freisinger - Porsche 911 GT3-RS___Freisinger - Porsche 911 GT3-RSR___Freisinger - Porsche 911 GT3-RSR___Gruppe M - Porsche 911 GT3-RSR___GT2___AF Corse - Ferrari F430___AF Corse - Ferrari F430___-___-	Gruppe M - Porsche 911 GT3-RSR___-	-0.696969697	1
http://nl.wikipedia.org/wiki/Planetoide		Afstand tot de Zon	3	"omlooptijd (T, in jaar)"	T = 1 jaar___q < 1 AE___T = 1,88 jaar___T = 2,97...3,95___T = 3,95...4,45___T = 4,45...4,74___T = 4,74...5,08___T = 5,08...5,93___T = 5,93...7,12___T = 7,12...7,91___T = 11,86 jaar___T = 164,8 jaar___T ~ 260...330 jaar___T > 330 jaar"	"T = 1,88 jaar___T ~ 260...330 jaar"	-0.702702703	0
http://en.wikipedia.org/wiki/Diesel_Boy		Studio albums	1	Title	""Lime Green""___""3's & 4's""___""Punk Rock 101""___""Happy Street""___""Damaged""___""Bossa Nova""___""Titty Twister""___""True Drew""___""Andy Stern""___""Fooligan""___""Groovy Chick""___""Real Life In The Big City"""	"3's & 4's___""Punk Rock 101"""	-0.696969697	0
http://en.wikipedia.org/wiki/Victorious:_Music_from_the_Hit_TV_Show		Track listing	1	Title	""Freak the Freak Out"" ((featuring Victoria Justice))___""Best Friend's Brother"" ((featuring Victoria Justice))___""Beggin' on Your Knees"" ((featuring Victoria Justice))___""All I Want Is Everything"" ((featuring Victoria Justice))___""You're the Reason"" ((featuring Victoria Justice)___""Give It Up"" ((featuring Elizabeth Gillies and Ariana Grande))___""I Want You Back"" ((featuring Victoria Justice))___""Song 2 You"" ((featuring Leon Thomas III & Victoria Justice))___""Tell Me That You Love Me"" ((featuring Victoria Justice and Leon Thomas III))___""Finally Falling"" ((featuring Victoria Justice))___""Leave It All to Shine"" ((Victorious & iCarly Casts featuring Miranda Cosgrove & Victoria Justice))"	"Song 2 You ((featuring Leon Thomas III & Victoria Justice))___""Leave It All to Shine"" ((Victorious & iCarly Casts featuring Miranda Cosgrove & Victoria Justice))"	-0.712765957	0
http://de.wikipedia.org/wiki/The_Crusaders		Sammlung	3	Label-Nr	BTSY-6027___42057___VSOP-LP131 (UK)___2292-56787-2 LZ (Germany)___GRD-3-5007___MVCZ-15020 (Japan)___MCCD-163 (UK)___PWKS-4231 (UK)___NTRCD035 (UK)___CLBCD-5501 (UK)___CCS-CD-420 (UK)___VSOP-CD-212 (UK)___MCBD-19528 (UK)___BTD-4-700___GRD-9892___543762-2 (Deutschland)___MCBD 19528 (UK)___0731458994428 (UK)___B0008268-02	2292-56787-2 LZ (Germany)___CCS-CD-420 (UK)	-0.714285714	0
http://es.wikipedia.org/wiki/Powerman_5000		Discograf??a	1	Detalles | US Ind.	Anyone for Doomsday? Lanzdo: 28 de agosto de 2001 Productora: DreamWorks Formato: CD___Destroy What You Enjoy Lanzado: 1 de agosto de 2006 Productora: DRT Entertainment Formato: CD___Somewhere on the Other Side of Nowhere Lanzado: 6 de octubre de 2009 Productora: Mighty Loud (9005) Formato: CD	Anyone for Doomsday? Lanzdo: 28 de agosto de 2001 Productora: DreamWorks Formato: CD___Somewhere on the Other Side of Nowhere Lanzado: 6 de octubre de 2009 Productora: Mighty Loud (9005) Formato: CD	-0.694444444	0
http://en.wikipedia.org/wiki/Orel_Hershiser%27s_scoreless_inning_streak		Streak	8	Play description	Single to 3B (Ground Ball); Hudler to 2B/Adv on E5 (throw to 1B)___Groundout: SS-1B (SS-2B); Hudler to 3B___Double to LF (Line Drive to Deep LF Line); Hudler Scores___Single to CF (Fly Ball); Raines Scores; Martinez to 2B/Adv on E1 (throw)___Groundout: 2B-1B	Double to LF (Line Drive to Deep LF Line); Hudler Scores___Groundout: 2B-1B	-0.714285714	2
http://de.wikipedia.org/wiki/Lufthansa_AG		Gesch??ftsfelder des Konzerns	5	Sitzpl??tze (First/Business/Eco)	168___- offen -___200___200___- offen -___221 (8/48/165) 217 (8/48/161)___221 (8/48/165) 241 (8/36/197) 266 (-/44/222)___326 (8/48/270) 306 (8/60/238)___- offen -___526 (8/98/420)___140___120___92 (-/32/60)___330 (8/80/242) 352 (8/66/278)___362 (8/92/262)___- offen -	- offen -___221 (8/48/165) 241 (8/36/197) 266 (-/44/222)	-0.698630137	2
http://it.wikipedia.org/wiki/Utente:Paulatz/Sandbox2		Caratteristiche fisiche (confrontate all'acqua leggera)	1	D2O (Acqua pesante)	101.4___1.1056___11.6___1.25___7.193___1,515___10,864___7.41 (a volte indicato con ""pD"")"	"1,515___7.41 (a volte indicato con ""pD"")"	-0.693333333	2
http://en.wikipedia.org/wiki/List_of_Blue_Beetle_enemies		Dan Garrett (Charlton)	2	Description	Dr. Hunter Mann, entomologist whose skin has turned green from prolonged exposure to chlorophyll compounds, gained the power to fly, an invulnerable exoskeleton, and the power to paralyze people with his stare, along with the power to control enlarged deadly creatures.___Used advanced machine, the Scorpion.___Powerful robot programmed with the mind of Dr. Jeremiah Clugg, a misanthropic college science teacher also a skilled hypnotist.___Ancient Egyptian entity brought back to life with the power to fire energy bolts and enslave humans, who became hawk-headed creatures, and was defeated when the Blue Beetle learned its true name, composed only of vowels."	"Powerful robot programmed with the mind of Dr. Jeremiah Clugg, a misanthropic college science teacher also a skilled hypnotist.___Ancient Egyptian entity brought back to life with the power to fire energy bolts and enslave humans, who became hawk-headed creatures, and was defeated when the Blue Beetle learned its true name, composed only of vowels."	-0.7125	0
http://en.wikipedia.org/wiki/List_of_Oregon_ballot_measures	"2002 PRIMARY ELECTION Detailed information for 2002 Primary measures (10, 11, and 13) and official results available from the Oregon Secretary of State's office."	2000s	7	Ballot Title	Authorizes Less Expensive General Obligation Bond financing for OHSU Medical Research and other Capital Costs___Authorizes Using Education Fund Principal In Specified Circumstances; Transfers $220 Million to School Fund - Referred to as ""rainy day fund"" in media."	"Authorizes Less Expensive General Obligation Bond financing for OHSU Medical Research and other Capital Costs___Authorizes Using Education Fund Principal In Specified Circumstances; Transfers $220 Million to School Fund - Referred to as ""rainy day fund"" in media."	-0.697674419	0
http://nl.wikipedia.org/wiki/Lijst_van_concessiegebieden_in_het_Nederlandse_openbaar_vervoer		Overzicht concessies per regio/verbinding	0	Concessie	Treindienst Gouda - Alphen aan den Rijn (Treinseries 9500 en 19500 tussen Alphen a/d Rijn en Gouda)___Extra spitsdiensten trein Alphen aan den Rijn - Leiden (Treinserie 19500 tussen Alphen a/d Rijn en Leiden)___OV over water Rotterdam - Drechtsteden___OV over water Rotterdam - Drechtsteden	Treindienst Gouda - Alphen aan den Rijn (Treinseries 9500 en 19500 tussen Alphen a/d Rijn en Gouda)___OV over water Rotterdam - Drechtsteden	-0.705882353	0
http://es.wikipedia.org/wiki/Anexo:Episodios_de_Elementary		Temporada 1 (2012-2013)	7	Audiencias	11.13 (millones, en EE.UU.)___10.91 (millones, en EE.UU.)___10.31 (millones, en EE.UU)___10.49 (millones, en EE.UU)___10.90 (millones, en EE.UU)___10.75 (millones, en EE.UU)___10.46 (millones, en EE.UU)___10.31 (millones, en EE.UU)___10.46 (millones, en EE.UU)___11.44 (millones, en EE.UU)___11.48 (millones, en EE.UU)___10.90 (millones, en EE.UU)___20.80 (millones, en EE.UU)___10.84 (millones, en EE.UU)___10.98 (millones, en EE.UU)___11.19 (millones, en EE.UU)___11.33 (millones, en EE.UU)___10.48 (millones, en EE.UU)___10.07 (millones, en EE.UU)___9.75 (millones, en EE.UU)___9.29 (millones, en EE.UU)___-___-"	"9.75 (millones, en EE.UU)___-"	-0.701492537	1
http://en.wikipedia.org/wiki/The_Power_of_Love_(Jennifer_Rush_song)		Original Jennifer Rush version	1	Peak position	1___1___9___4___25___7___1___1___1___""The Power of Love""/ 2 ""Si tu eres mi hombre y yo tu mujer""/ 1___3___3___1___1___57"	"25___""The Power of Love""/ 2 ""Si tu eres mi hombre y yo tu mujer""/ 1"	-0.714285714	2
http://nl.wikipedia.org/wiki/Caught_in_the_Act_(album)		Videolijst	1	Titel	Borrowed Time___Babe___Boat On the river___A.D. 1928/Rockin' the Paradise___The best of times___Too much time on my hands___Mr. Roboto___Don't let it end___Heavy metal poisoning___Haven't we been here before___Music time	A.D. 1928/Rockin' the Paradise___Too much time on my hands	-0.695652174	0
http://de.wikipedia.org/wiki/Korac-Cup		Endspiele	3	Ergebnis	106:75 & 85:94___99:86 & 75:68___110:85 & 71:69___97:84 & 82:82___87:84___117:110 n.V.___108:98___76:71___105:104 n.V.___90:84___94:86___97:73___91:78___84:78 & 73:72___106:85 & 97:86___102:89 & 93:94___76:89 & 101:82___99:98 & 96:86___73:71 & 95:93___94:94 & 99:86___95:90 & 106:91___75:66 & 100:91___87:87 & 85:79___76:68 & 70:77___66:77 & 88:70___68:74 & 64:73___77:93 & 97:70___80:58 & 51:60___77:47 & 71:69___98:72 & 74:95	117:110 n.V.___76:89 & 101:82	-0.704225352	2
http://en.wikipedia.org/wiki/Cyrina_Fiallo		Filmography	1	Title	Winter and Spring___Little Miss CEO___Quitters___Everybody Hates Chris___A Marriage___My Alibi___My Date___Delusions of Love: A Case Study in Jealousy and 19th Century Formal Wear___My Roommate the___Freeport___The Subpranos___Made... The Movie___Community___Gigantic___Friends 4ever___je vous adore___Switched at Birth___Good Luck Charlie___Supernatural	Quitters___Delusions of Love: A Case Study in Jealousy and 19th Century Formal Wear	-0.701492537	2
http://en.m.wikipedia.org/wiki/GPS	GPS frequency overview	CommunicationEdit	2	Description	P(Y) code, plus the L2C and military codes on the Block IIR-M and newer satellites.___Used for nuclear detonation (NUDET) detection.___Being studied for additional ionospheric correction.[citation needed]___Proposed for use as a civilian safety-of-life (SoL) signal."	"P(Y) code, plus the L2C and military codes on the Block IIR-M and newer satellites.___Being studied for additional ionospheric correction.[citation needed]"	-0.719512195	0
http://en.wikipedia.org/wiki/List_of_songs_written_by_Goffin_and_King		Hits and charted songs by Goffin and King	4	Other versions	Dion and the Belmonts (later in 1961), Bobby Vinton (in 1968), Smokie (in 1981), Bobby Vee, Stephen Collins, Dick Brave___The Beatles (in 1963), Carole King (in 1980)___Dusty Springfield (in 1965), King (in 1970), Helen Reddy (in 1976, #29)___Dusty Springfield (US #64)___Tom Petty and the Heartbreakers (in 1986)___The Weisstronauts (in 2008)___Bongwater (in 1988)___Dusty Springfield (non-LP B-Side in 1969), King (in 1980)"	"Dusty Springfield (US #64)___Dusty Springfield (non-LP B-Side in 1969), King (in 1980)"	-0.701149425	0
http://es.wikipedia.org/wiki/Anexo:Locomotoras_GE		Locomotoras de Pasajeros	6	Imagen	U34CH 4172 on the ""Farewell to the U34CH"" excursion at Hillsdale, New Jersey, 27 August 1994.___Amtrak #700 P30CH."	"U34CH 4172 on the ""Farewell to the U34CH"" excursion at Hillsdale, New Jersey, 27 August 1994.___Amtrak #700 P30CH."	-0.699029126	0
http://en.wikipedia.org/wiki/List_of_QI_episodes		Series	1	Title-	""G-Animals""___""Games""___""Geography""___""Groovy"" (Christmas Special)___""Genius""___""Girls and Boys""___""Germany""___""Gallimaufrey""___""Greats""___""Gifts""___""Gravity""___""Gothic""___""Greeks""___""Green""___""Geometry""___""QI VG: Series G Compilation Show 1""___""QI VG: Series G Compilation Show 2"""	"G-Animals___""QI VG: Series G Compilation Show 1"""	-0.7	2
http://en.wikipedia.org/wiki/Light-sport_aircraft		LSA models under FAA certification	1	Design	ACS-100 Sora___Aerotrek A240 (tricycle gear) or A220 (taildragger) (previously EuroFox)___The Airplane Factory Sling___Hawk Arrow II SLSA___Ikarus C42 (80 hp)___Cessna 162___Cirrus SRS___Czech Sport Aircraft - SportCruiser/PiperSport___CZAW Mermaid___Europa XS___Allegro 2007___Flight Design CTSW___Sport Hornet LRS___Icon A5___Skyleader 500 LSA___Kitfox___Paradise P-1___Pipistrel Sinus LSA___Pipistrel Virus LSA___Pipistrel Virus SW LSA___Pipistrel Taurus LSA___Pipistrel Alpha Trainer___Sting S4___Cheetah XLS___Remos G-3___Remos GX___Skyeton K-10 Swift___Storm Rally___Storm Century___Tecnam P2004___Terrafugia Transition___RV-12___Zodiac 650B (S-LSA)	Aerotrek A240 (tricycle gear) or A220 (taildragger) (previously EuroFox)___RV-12	-0.723684211	2
"http://en.wikipedia.org/wiki/Federal_Prison_Camp,_Alderson"		Notable Inmates (current and former)	3	Details	American citizen who participated in English-language propaganda broadcast transmitted by Radio Tokyo to Allied soldiers in the South Pacific during World War II; known as ""Tokyo Rose.""___American who supplied propaganda broadcasts for Nazi Germany; known as ""Axis Sally.""___American leftist leader and co-founder of American Civil Liberties Union (ACLU), a Smith Act political prisoner___Trinidadian-born child-immigrant journalist and National Executive member of the Communist Party of the United States, a Smith Act political prisoner. After release, deported to the United Kingdom, founded the Notting Hill Carnival"	"American citizen who participated in English-language propaganda broadcast transmitted by Radio Tokyo to Allied soldiers in the South Pacific during World War II; known as ""Tokyo Rose.""___Trinidadian-born child-immigrant journalist and National Executive member of the Communist Party of the United States, a Smith Act political prisoner. After release, deported to the United Kingdom, founded the Notting Hill Carnival"	-0.721649485	0
http://en.wikipedia.org/wiki/List_of_Colorado_state_symbols		Earth symbols	3	Adopted	1971 CRS 24-80-912___2002 CRS 24-80-912.5___2004 CRS 24-80-912.7___unofficial	2002 CRS 24-80-912.5___unofficial	-0.692307692	2
http://en.wikipedia.org/wiki/List_of_open-source_programming_languages			1	Language	ALGOL 68___ALGOL 68___AWK___AWK___AWK___C/C++/Objective-C/ASM/Go___C/C++/Objective-C___COBOL___C#, Visual Basic .NET___Candle___Erlang___Forth___Forth___Forth___Harbour___Haskell___Haskell___Haskell___Haskell___Icon___Java___JavaScript___JavaScript___JavaScript___Lisp___EGL___Lua___Obix___Perl___PHP___Pike___POP-11, Common Lisp, Prolog, Standard ML___Prolog___Prolog___Opa___Python___Python___Python___Python___REXX___Ruby___Ruby___Ruby___Ruby___Ruby___Ruby___Scheme___Scheme___Scheme___Scheme___Scheme___Scheme___Scheme___Scheme___Scheme___Smalltalk___Smalltalk___Smalltalk___SNOBOL4___Tcl/Tk___TRAC___Unix Shell___Unix Shell___Unix Shell___Clojure___Clojure___Clojure___Clojure___Scala___F#___TypeScript___Go___Rust___Vala___Dart"	"C/C++/Objective-C/ASM/Go___POP-11, Common Lisp, Prolog, Standard ML"	-0.710526316	2
http://en.wikipedia.org/wiki/American_Idol_(season_5)		Finals	2	Song (original artist)	""I Believe I Can Fly""(R. Kelly)___""Dancing in the Dark""(Bruce Springsteen)___""What You Won't Do for Love1""(Bobby Caldwell)___""Over the Rainbow2""(Judy Garland)___""You Are So Beautiful3""(Billy Preston and Dennis Wilson)___""I Believe to My Soul""(Ray Charles)___""I Ain't Got Nothin' But the Blues""(Duke Ellington)___""Try a Little Tenderness""(Val Rosing and The Ray Noble Orchestra)"	"I Believe I Can Fly(R. Kelly)___""What You Won't Do for Love1""(Bobby Caldwell)"	-0.719512195	0
http://en.wikipedia.org/wiki/George_Thorogood_discography	"List of albums, with selected chart positions"	Albums	1	Album details | US Blues	More George Thorogood and the Destroyers Released: Label: Format:___Nadine (CD Rerelease of Better Than the Rest) Released: Label: Universal Special Products Format: CS, CD___Boogie People Released: Label: EMI Format:___Haircut Released: Label: Beat Goes On Format:___Rockin' My Life Away Released: Label: Capitol Format:___Half a Boy/Half a Man Released: April 13, 1999 Label: CMC International Format:___Ride 'Til I Die Released: Label: Eagle Records Format:___The Hard Stuff Released: Label: Eagle Format:___The Dirty Dozen Released: July 28, 2009 Label: Capitol Format: CD___2120 South Michigan Ave. Released: June 14, 2011 Label: EMI Catalogue Format: CD"	"Nadine (CD Rerelease of Better Than the Rest) Released: Label: Universal Special Products Format: CS, CD___The Dirty Dozen Released: July 28, 2009 Label: Capitol Format: CD"	-0.706521739	0
http://en.wikipedia.org/wiki/Talisman_(Deluxe_Edition)		Track listing	1	Title	""Standin' on Fire""___""I'll Be Waiting""___""Dangerous""___""Just Between Us""___""System of Power""___""Queen""___""Lightning Strikes""___""Day by Day""___""Women, Whiskey and Songs""___""Great Sandwich""___""MJ Playing Solo In Studio""___""Just Between Us (Live 1990) Kopparberg Sweden""___""Eternal Flame (Live 1990) Kopparberg Sweden""___""I'll Be Waiting (Live 1990) Kopparberg Sweden""___""Scream Of Anger (Live 1990) Karlskoga Sweden""___""NJBBWD""___""Standin' on Fire (Live 1990) Karlskoga Sweden""___""Let Me Love You (Live 1990) Karlskoga Sweden""___""Ice Cream Man"""	"NJBBWD___""Standin' on Fire (Live 1990) Karlskoga Sweden"""	-0.714285714	2
http://en.m.wikipedia.org/wiki/List_of_Presidents_of_the_United_States_by_age		Oldest living United States PresidentsEdit	3	Age at Start Date	64 years, 45 days___75 years, 110 days___69 years, 105 days___77 years, 332 days___65 years, 80 days___71 years, 92 days___68 years, 146 days___65 years, 69 days___53 years, 95 days___62 years, 292 days___59 years, 150 days___63 years, 360 days___49 years, 241 days___51 years, 170 days___56 years, 66 days___66 years, 141 days___57 years, 247 days___58 years, 148 days___80 years, 165 days___64 years, 121 days___60 years, 13 days___69 years, 349 days___90 years, 327 days___82 years, 197 days___Age at Start Date"	"75 years, 110 days___Age at Start Date"	-0.703125	2
http://en.wikipedia.org/wiki/Travelling_salesman_problem		Free software for solving TSP	3	Brief info	an ANSI C implementation a dynamic programming based algorithm developed by Balas and Simonetti, approximate solution___an effective implementation of the Lin-Kernighan heuristic for Euclidean traveling salesman problem___exact and approximate solvers, STSP / ATSP, can handle multigraphs, constraints, multiobjective problems, see its TSP page for details and examples___infrastructure and solvers for STSP / ATSP, interface to Concorde___branch and bound algorithm___approximate solution of the STSP using the ``pgapack"" package"	"exact and approximate solvers, STSP / ATSP, can handle multigraphs, constraints, multiobjective problems, see its TSP page for details and examples___approximate solution of the STSP using the ``pgapack"" package"	-0.7	0
http://en.wikipedia.org/wiki/BMT_Myrtle_Avenue_Line		Station listing	3	Transfers and notes	BMT Canarsie Line (L ) Station rebuilt to 3 tracks July 29, 1914; center track subsequently removed.___Station rebuilt to 3 tracks July 29, 1914; center track subsequently removed.___Station rebuilt to 3 tracks July 29, 1914; center track subsequently removed.___Station still in place; tracks removed; closed October 4, 1969___Closed October 4, 1969___Closed October 4, 1969___Closed October 4, 1969___Closed October 4, 1969___Closed January 21, 1953___Closed October 4, 1969___Closed October 4, 1969___Closed October 4, 1969___Earlier known as Bridge Street. Closed October 4, 1969___Closed March 5, 1944___Closed March 5, 1944___Closed March 5, 1944"	"BMT Canarsie Line (L ) Station rebuilt to 3 tracks July 29, 1914; center track subsequently removed.___Station still in place; tracks removed; closed October 4, 1969"	-0.711340206	0
http://es.wikipedia.org/wiki/Harry_Treadaway		Filmograf??a	3	Notas	5 episodios___episodio # 1.2 - miniserie___episodio # 1.1___8 episodios___episodio ""Roadside Bouquets"""	"episodio # 1.2 - miniserie___episodio ""Roadside Bouquets"""	-0.705882353	0
http://en.wikipedia.org/wiki/Vishesh_Films		Vishesh Films	3	Domestic Gross	72.90 crore (US$11 million)___50.03 crore (US$7.7 million)___42 crore (US$6.4 million)___34.97 crore (US$5.4 million)___Indeevar Payam Sayeedi___	42 crore (US$6.4 million)___Indeevar Payam Sayeedi	-0.7	2
http://en.wikipedia.org/wiki/B-Tight_discography		Free tracks and other releases	2	Info(s)	Diss vs. D-Irie.___Released on the Juice CD #90.	Diss vs. D-Irie.___Released on the Juice CD #90.	-0.708333333	2
http://en.wikipedia.org/wiki/List_of_Lambda_Chi_Alpha_chapters		Colonies	5	Notes	Tau Lambda Delta est. 1921, installed TKN 1924___Colonized 1948; dormant 2003-2012___Dedalian Society, est. 1907; Delta Lambda Sigma, est. 1923; recolonized 2012___Colonized 1975; dormant 2010-2012___Schiller Literary Society est. 1868 and Sigma Phi est. 1918, installed TKN 1926; dormant 1976-79, 2004-2010___Chi Delta Rho est. 1929; recolonized 2010___Colonized 1947; dormant 1965-1969; 2006-2011___Colonized 1972; dormant since 1973___Colonized 1977; dormant since 1979___Colonized 1977; dormant since 1981___Colonized 1979; dormant since 1980___Colonized 1982; dormant since 1983___Colonized 1983; dormant since 1985___Colonized 1993; dormant since 1995___Colonized 1995; dormant since 1999___Colonized 1997; dormant since 1998___Colonized 2000; dormant since 2003___Colonized 2003; dormant since 2007___Colonized 2005___Colonized 1948; dormant since 1950___Colonized 2001; dormant since 2005"	"Schiller Literary Society est. 1868 and Sigma Phi est. 1918, installed TKN 1926; dormant 1976-79, 2004-2010___Colonized 2005"	-0.701149425	0
http://fi.wikipedia.org/wiki/The_Firm:_The_Album		Kappalelista	1	Kappale	""Firm Fiasco"" (AZ, Foxy Brown, Nas)___""Phone Tap""1 (AZ, Nas, Nature) (mukana Dr. Dre)___""Executive Decision"" (AZ, Nas, Nature)___""Firm Family"" (Nature) (mukana Dr. Dre)___""Firm All Stars"" (Foxy Brown) (mukana Pretty Boy)___""Fuck Somebody Else"" 5 (Foxy Brown)___""Hardcore""3 (Foxy Brown, Nas)___""Untouchable"" (mukana Wizard)___""Five Minutes to Flush Intro""___""Five Minutes to Flush"" (Nature)4___""Desparados"" (AZ, Nature) (mukana Canibus)___""Firm Biz"" (AZ, Foxy Brown, Nas) (mukana Dawn Robinson)2___""I'm Leaving"" (Nature) (mukana Noreaga)___""Throw Your Guns"" (AZ) (mukana Half-A-Mil)"	"Phone Tap1 (AZ, Nas, Nature) (mukana Dr. Dre)___""Firm All Stars"" (Foxy Brown) (mukana Pretty Boy)"	-0.712643678	0
http://en.wikipedia.org/wiki/Comparison_of_JavaScript-based_source_code_editors	List of source code editor features	List of features	2	CodeMirror	JS, CSS, XML, mixed mode, PHP, SPARQL; community-extended with new parsers: Python, Lua, Ruby___Some___Yes___Yes___Yes___either automatically, or block-level indent/unindent___Yes___through API/add-on___Yes___through API/add-on___example___Yes___fully configurable___Yes___via API___No___No___CSS-based themes___Yes___No___No___Yes___Yes"	"JS, CSS, XML, mixed mode, PHP, SPARQL; community-extended with new parsers: Python, Lua, Ruby___example"	-0.696969697	2
http://en.wikipedia.org/wiki/FASTQ_format		Format	1	the unique instrument name	the flowcell id___flowcell lane___tile number within the flowcell lane___'x'-coordinate of the cluster within the tile___'y'-coordinate of the cluster within the tile___the member of a pair, 1 or 2 (paired-end or mate-pair reads only)___Y if the read fails filter (read is bad), N otherwise___0 when none of the control bits are on, otherwise it is an even number___index sequence"	"the member of a pair, 1 or 2 (paired-end or mate-pair reads only)___Y if the read fails filter (read is bad), N otherwise"	-0.721518987	0
http://nl.wikipedia.org/wiki/Lijst_van_rijksmonumenten_in_Steenwijk			0	Object	Grote of Sint-Clemenskerk___Kleine of Onze-Lieve-Vrouwekerk___Woonhuis in neo-renaissancestijl met Art Nouveau-details___Herenhuis in eclectische stijl (vormt een geheel met nr. 26)___Herenhuis in eclectische stijl (vormt een geheel met nr. 32)___R-K Sint-Clemenskerk	Herenhuis in eclectische stijl (vormt een geheel met nr. 26)___R-K Sint-Clemenskerk	-0.718309859	0
http://en.wikipedia.org/wiki/2008_Auburn_Tigers_football_team		Coaching staff	4	Note	Fired after week 6 of the season. He was not replaced.___Became Iowa State head coach following the season.___Joined Rhoads at Iowa State initially, but was hired by Ole Miss before 2009 season began."	"Fired after week 6 of the season. He was not replaced.___Joined Rhoads at Iowa State initially, but was hired by Ole Miss before 2009 season began."	-0.694117647	0
http://en.wikipedia.org/wiki/List_of_automobile_sales_by_model		V	2	Production	21,529,464; the bestselling single design in history, and the first car to reach twenty million sales.___Brazil's bestselling car for 25 consecutive years; over 4,500,000 in four generations.___Became Volkswagen's bestseller in 2002; 30,000,000 by mid June 2013 in six generations.___Sedan version of the Volkswagen Golf; over 6,600,000 in five generations up to August 2005.___Over 15,000,000 in six generations.___1,252,371 in a single generation.___144,179 in a single generation.___2,862,573 in a single generation; the bestselling car built in Sweden.___1,086,405 in a single generation.___1,239,222 in a single generation.___716,903 in a single generation.___655,241 in a single generation.___444,000 in a single generation.___101,492 in a single generation.___47,855.___1,000,034 in a single generation."	"21,529,464; the bestselling single design in history, and the first car to reach twenty million sales.___Sedan version of the Volkswagen Golf; over 6,600,000 in five generations up to August 2005."	-0.698924731	0
http://en.wikipedia.org/wiki/Era_Vulgaris_(album)		Track listing	1	Title	""Sick, Sick, Sick""___""I'm Designer""___""Into the Hollow""___""Misfit Love""___""Battery Acid""___""Make It wit Chu""___""3's & 7's""___""Suture Up Your Future""___""River in the Road""___""Run, Pig, Run"""	"Sick, Sick, Sick___""3's & 7's"""	-0.698412698	0
http://ru.wikipedia.org/wiki/Portugal._The_Man		????????????	1	????????????	Church Mouth Released: 24 July 2007 Label: Defiance, Fearless Format: LP, CD, 2xCD___Censored Colors Released: 16 September 2008 Label: Approaching AIRballoons, Defiance, Equal Vision Format: LP, CD___The Satanic Satanist Released: 21 July 2009 Label: Approaching AIRballoons, Defiance, Equal Vision Format: LP, CD Billboard 200 peak: #81___The Majestic Majesty Released: 21 July 2009 Label: Approaching AIRballoons, Equal Vision Format: Digital___American Ghetto Release Date: 2 March 2010 Label: Approaching AIRballoons,Equal Vision Format: Digital___In the mountain in the cloud Release Date: 19 July 2011 Label: Atlantic Format: CD, LP, digital download___Evil Friends Release Date: June 4, 2013 Label: Atlantic Format: CD, LP, digital download"	"The Satanic Satanist Released: 21 July 2009 Label: Approaching AIRballoons, Defiance, Equal Vision Format: LP, CD Billboard 200 peak: #81___Evil Friends Release Date: June 4, 2013 Label: Atlantic Format: CD, LP, digital download"	-0.718181818	0
http://de.wikipedia.org/wiki/Ronneburg_(Th%C3%BCringen)	Sitzverteilung im Ronneburger Stadtrat (Stimmenanteile in %)	Politik	0	Fraktion	SPD___FWG (1999 und 2004: FWG-R)___Die Linke (1999: PDS)___FDP___Wahlbeteiligung	FWG (1999 und 2004: FWG-R)___Wahlbeteiligung	-0.696969697	2
http://en.m.wikipedia.org/wiki/Google_Play		Catalog contentEdit	0	Device Name	Nexus 7 (2012 version)___Nexus 7 Cover___Additional Nexus 7 Charger___Nexus 7 Dock___Nexus 7 Sleeve___Nexus 4___Nexus 4 Bumper___Nexus 4 Wireless Charger___Samsung Galaxy S4 Google Play edition___HTC One Google Play edition___Nexus 10___Nexus 10 Cover___Acer C7 Chromebook___Samsung Chromebook___Chromebook Pixel___Chromecast___Nexus 7 (2013 version)	Nexus 7 (2012 version)___HTC One Google Play edition	-0.705882353	0
http://en.wikipedia.org/wiki/Hydra-class_sloop		Ships	5	Fate	Sold to Williams & Co. for commercial use on 15 June 1863 and renamed Typhoon___Sold for breaking in 1865	Sold to Williams & Co. for commercial use on 15 June 1863 and renamed Typhoon___Sold for breaking in 1865	-0.705128205	0
http://en.wikipedia.org/wiki/Central_Division_(NBA)		Season results	0	Season | 1st	1972: The Houston Rockets joined from the Pacific Division. The Cincinnati Royals, who relocated and became the Kansas City-Omaha Kings, left to join the Midwest Division.___1973: The Baltimore Bullets relocated and became the Capital Bullets.___1974: An expansion team, the New Orleans Jazz, joined the division. The Capital Bullets was renamed the Washington Bullets.___1976: An American Basketball Association (ABA) team that merged with the NBA, the San Antonio Spurs, joined the division.___1978: The Detroit Pistons joined from the Midwest Division. Washington Bullets left to join the Atlantic Division.___1979: The Indiana Pacers joined from the Midwest Division. The New Orleans Jazz, who relocated and became the Utah Jazz, left to join the Midwest Division.___1980: The Chicago Bulls and the Milwaukee Bucks joined from the Midwest Division. The Houston Rockets and the San Antonio Spurs left to join the Midwest Division.___1989: An expansion team, the Orlando Magic, joined the division temporarily for one season.___1990: The Charlotte Hornets joined from the Midwest Division. The Orlando Magic left to join the Midwest Division temporarily for one season, then the Atlantic Division permanently thereafter.___1995: An expansion team, the Toronto Raptors, joined the division.___2003: The Charlotte Hornets relocated and became the New Orleans Hornets.___2004: The New Orleans Hornets joined the Southwest Division. The Atlanta Hawks joined the Southeast Division. The Toronto Raptors joined the Atlantic Division."	"1976: An American Basketball Association (ABA) team that merged with the NBA, the San Antonio Spurs, joined the division.___1980: The Chicago Bulls and the Milwaukee Bucks joined from the Midwest Division. The Houston Rockets and the San Antonio Spurs left to join the Midwest Division."	-0.715789474	0
http://es.wikipedia.org/wiki/Potencial_de_acci%C3%B3n_card%C3%ADaco	Corrientes principales durante el potencial de acci??n ventricular	Principales canales i??nicos y corrientes card??acas	3	Prote??na	___CaV1.2______Kir2.1/2.2/2.3___KV4.2/4.3___KV7.1___KV11.1 (hERG)_________intercambiador 3Na+-1Ca2+___3Na+-2K+-ATPase___transportador de Ca2+ - ATPasa	KV11.1 (hERG)___intercambiador 3Na+-1Ca2+	-0.710526316	0
http://en.wikipedia.org/wiki/List_of_Egged_bus_routes_in_Israel		Internal	1	Route	CBS - Neve Haim - Itzhak - Hillel Yaffe Hospital - Giv'at Olga - CBS___CBS - Elram - Pe'er - Nakhliel - CBS___CBS - Beitar - Railway Station - Weizman - Giv'at Olga - Ein HaYam (Route 7a)- CBS___Market - CBS - Ganei Alon - Beitar - Bialik - Market___CBS - Pe'er - Bialik - Brandeis - Nisan - CBS___CBS - Yoseftal - Old Beit Eliezer - CBS___CBS - Yoseftal - New Beit Eliezer - Old Beit Eliezer(Route 14a) - Denya - CBS___New Beit Eliezer - Denya - Yoseftal - Beitar - Railway Station___CBS - Yoseftal - New Beit Eliezer - Denya - Beach___CBS - Beitar - Railway Station___Brandeis - CBS - Beitar - Railway Station	CBS - Beitar - Railway Station - Weizman - Giv'at Olga - Ein HaYam (Route 7a)- CBS___New Beit Eliezer - Denya - Yoseftal - Beitar - Railway Station	-0.702380952	0
http://en.wikipedia.org/wiki/2007_UMass_Minutemen_football_team		Schedule	5	TV	TWCS___CN8___CN8___ESPN360______CN8_________CN8___ESPNU___ESPNU___ESPN GamePlan (NESN, MASN, TWCS, Cox Sports)"	"CN8___ESPN GamePlan (NESN, MASN, TWCS, Cox Sports)"	-0.701492537	2
http://en.wikipedia.org/wiki/List_of_bus_routes_in_Singapore		Routes	7	Remarks	Weekdays AM and PM Peak. Flexible express route between Boon Lay Avenue and Orchard Road.___Terminated at Bedok Bus Interchange until 12 November 2006.___Weekdays AM and PM Peak. Bus service is under Bus Service Enhancement Programme (BSEP).___Route amended and operating hours extended from 26 December 2005. Flexible express route between Bedok North Road and Raffles Boulevard. Amended to ply Bayfront Avenue on 26 April 2010.___Weekdays AM and PM Peak. Flexible express route between Loyang Avenue and Moulmein Road.___Also known as the Lentor Estate Premium route. Formerly known as 592.___A second trip for Premium Service 538 will commence from 19 March 2012.___A second trip for Premium Service 544 will commence from 19 March 2012."	Weekdays AM and PM Peak. Bus service is under Bus Service Enhancement Programme (BSEP).___A second trip for Premium Service 538 will commence from 19 March 2012.	-0.715909091	0
http://en.m.wikipedia.org/wiki/BMW_3_Series_(E90)	Petrol engines	2010 Model Year update (2010-2012)Edit	0	Model	320i___325i___325i xDrive___328i___328i xDrive___330i___330i xDrive___335i (304PS)___335i xDrive (304PS)___335i (306PS)___335i xDrive (306PS)___335is___M3 CRT___M3 GTS___M3 DTM___ALPINA B3 S Bi-Turbo___ALPINA B3 GT3	335i xDrive (304PS)___ALPINA B3 GT3	-0.714285714	0
http://en.wikipedia.org/wiki/2008%E2%80%9309_PBA_Philippine_Cup		Conference records	2	Holder	Gary David (Air21 Express) vs. San Miguel Beermen___Gary David (Air21 Express) vs. San Miguel Beermen___Asi Taulava (Coca-Cola Tigers) vs. Air21 Express___L.A. Tenorio (Alaska Aces) vs. Talk 'N Text Tropang Texters___Mike Hrabak (Red Bull Barako) vs. Purefoods TJ Giants___Bonbon Custodio (San Miguel Beermen) vs. Red Bull Barako___3 Tied___James Yap (Purefoods TJ Giants) vs. Coca-Cola Tigers	L.A. Tenorio (Alaska Aces) vs. Talk 'N Text Tropang Texters___3 Tied	-0.708860759	2
http://en.m.wikipedia.org/wiki/List_of_Sesame_Street_Muppets		MEdit	2	Description	A light blue shaggy monster with a light green nose. He is the only Muppet to have been around that long without becoming a main character.___A gibberish-speaking blue monster with a mop of hair and yellow horns who is a member of the Monster Clubhouse.___A yellow monster with orange hair who is known for being loud and sometimes obnoxious. She has a roar that is loader than Chicago the Lion's roar.___A sheep who is a spoof of Meryl Streep. She was built by Richard Termine.___A monster who is Telly Monster's sister. She was designed and built by Cheryl Blaylock.___An Orange Gold Anything Muppet. He pays a tribute to Monty Python's Flying Circus.___A Live Hand Large Lavender Anything Muppet who is the genial host of ""Alphabet Chat. His name is a reference to the D.H. Lawrence novel Lady Chatterley's Lover.___Oscar's mother who will literally drop in on occasion to make sure her son is still grouchy.___Host of the ""Word on the Street"" segment. Murray is an energetic, quick-witted, outgoing, inquisitive, furry and orange Muppet."	"A gibberish-speaking blue monster with a mop of hair and yellow horns who is a member of the Monster Clubhouse.___Host of the ""Word on the Street"" segment. Murray is an energetic, quick-witted, outgoing, inquisitive, furry and orange Muppet."	-0.722891566	0
http://de.wikipedia.org/wiki/Niederl%C3%A4ndische_Parlamentswahlen_2012		Antretende Parteien	4	Ergebnis 2010	15,4 % (24 Sitze)___13,6 % (21 Sitze)___6,9 % (10 Sitze)___1,3 % (2 Sitze)___0,1 % (0 Sitze)___nicht teilgenommen___nicht teilgenommen___nicht teilgenommen___nicht teilgenommen"	"6,9 % (10 Sitze)___nicht teilgenommen"	-0.701492537	2
http://en.wikipedia.org/wiki/List_of_colleges_affiliated_to_Mahamaya_Technical_University		List of colleges	3	Course ?€? Wise Total Seats	B.Pharma: 60___B.Pharma: 60___B.Tech: 450, MBA: 60, MCA: 60___B.Tech: 420+60(2nd shift)___B.Tech: 420, MBA: 60___B.Tech: 420___MBA: 120___MCA: 60___MBA: 60___MBA: 60___MBA: 60___MBA: 60___MBA: 120___MBA: 120___B.Tech: 420___MBA: 120___B.Arch: 40___MBA: 60"	B.Tech: 420+60(2nd shift)___MCA: 60	-0.705128205	0
http://en.wikipedia.org/wiki/Heat_(soundtrack)		Track listing	1	Title	""Always Forever Now"" (from Original Soundtracks 1, 1995)___""Condensers""___""Refinery Surveillance""___""Last Night"" (from Blue, 1987)___""Ultramarine"" (from Cobalt Blue, 1992)___""Armenia"" (from Zeichnungen des Patienten O. T., 1983)___""Of Helplessness""___""Steel Cello Lament""___""Mystery Man"" (from The Singles Collection, 1989)___""New Dawn Fades"" (from I Like to Score, 1997)___""Entrada & Shootout""___""Force Marker""___""Coffee Shop""___""Fate Scrapes""___""La Bas: Song of the Drowned [Edited Version]"" (from The Mirror Pool, 1995)___""Gloradin"" (from The Mirror Pool, 1995)___""Run Uphill""___""Predator Diorama""___""Of Separation""___""God Moving Over the Face of the Waters"" (from Everything Is Wrong, 1995)"	"Entrada & Shootout___""La Bas: Song of the Drowned [Edited Version]"" (from The Mirror Pool, 1995)"	-0.722891566	0
http://en.wikipedia.org/wiki/Rust_in_Peace		Track listing	1	Title	""Hangar 18""___""Take No Prisoners""___""Five Magics""___""Poison Was the Cure""___""Lucretia""___""Tornado of Souls""___""Dawn Patrol""___""Rust in Peace... Polaris"" (5:44 on reissue)"	"Lucretia___""Rust in Peace... Polaris"" (5:44 on reissue)"	-0.710526316	2
http://en.wikipedia.org/wiki/China_at_the_2012_Summer_Paralympics		Cycling	1	Event	1:10.211___1:10.229___Women's 500 m time trial C1-3___43.207___Women's 500 m time trial C4-5	1:10.211___Women's 500 m time trial C1-3	-0.708860759	2
http://en.wikipedia.org/wiki/2012_Qingdao_Jonoon_F.C._season		Competitions	10	Qualification or relegation	Liaoning, 10pts Hangzhou, 9pts Shandong, 6pts, GF=4, GA=5 Qingdao, 6pts, GF=4, GA=5___Disbanded after season 2___Relegation to China League One"	"Liaoning, 10pts Hangzhou, 9pts Shandong, 6pts, GF=4, GA=5 Qingdao, 6pts, GF=4, GA=5___Relegation to China League One"	-0.717948718	0
http://en.wikipedia.org/wiki/Sun-3		Sun-3 models	5	Chassis	3-slot VME (desktop/side)___12-slot VME (deskside)___12-slot VME (rackmount)___6-slot VME (deskside)___""wide Pizza-box"" desktop___3-slot VME (desktop/side)___12-slot VME (deskside)___12-slot VME (rackmount)___""wide Pizza-box"" desktop___none (6U VME board)"	wide Pizza-box desktop___none (6U VME board)	-0.7	0
http://it.wikipedia.org/wiki/Carduinae		Tassonomia	1	N. specie	circa 600-700 spp.___3 spp.___1 sp. (S. nidulans (Regel) Petrak )	circa 600-700 spp.___1 sp. (S. nidulans (Regel) Petrak )	-0.696202532	0
http://en.wikipedia.org/wiki/Invicta_FC_events		Invicta FC 6: Coenen vs. Cyborg	4	Method	TKO (punches)___Unanimous decision (30-27, 29-28, 29-28)___Unanimous decision (30-27, 30-27, 29-28)___Submission (rear naked choke)___Unanimous decision (30-27, 29-28, 29-28)___Unanimous decision (29-28, 29-28, 29-28)___TKO (knee and punches)___Unanimous decision (30-27, 29-28, 29-28)___Split decision (30-27, 28-29, 30-27)___Unanimous decision (30-27, 29-28, 29-28)"	"Unanimous decision (30-27, 29-28, 29-28)___TKO (knee and punches)"	-0.710144928	0
http://es.wikipedia.org/wiki/Fiestas_de_Colombia			0	Fecha base	6 de enero___19 de marzo___Pascua[3]- 7___Pascua[3]- 3___Pascua[3]- 2___Pascua[3][6]___1 de mayo___Pascua[3]+ 43___Pascua[3]+ 64___Pascua[3]+ 71___29 de junio___20 de julio___7 de agosto___15 de agosto___12 de octubre___1 de noviembre___11 de noviembre___8 de diciembre___25 de diciembre	19 de marzo___Pascua[3]- 7	-0.698412698	0
http://en.wikipedia.org/wiki/PowerBook_G4		Aluminum PowerBook G4	3	"April 19, 2004 (Rev C)"	NVIDIA GeForce FX Go5200 with 64 MB of DDR SDRAM or ATI Radeon 9700 with 64 MB of DDR SDRAM Optional ATI Radeon 9700 with 128 MB of DDR SDRAM___256 MB (two 128 MB) or 512 MB (two 256 MB) of 333 MHz PC-2700 DDR SO-DIMM SDRAM"	NVIDIA GeForce FX Go5200 with 64 MB of DDR SDRAM or ATI Radeon 9700 with 64 MB of DDR SDRAM Optional ATI Radeon 9700 with 128 MB of DDR SDRAM___256 MB (two 128 MB) or 512 MB (two 256 MB) of 333 MHz PC-2700 DDR SO-DIMM SDRAM	-0.705357143	0
http://fr.wikipedia.org/wiki/Football_Club_F%C3%A9minin_H%C3%A9nin-Beaumont	Parcours du club saison par saison	Bilan saison par saison	2	Division 2	3e (Gr. A)___1er (Gr. A) 1er (Tour Final)___-___-___-___-___-___-___-___-___-___1er (Gr. A)___-	1er (Gr. A) 1er (Tour Final)___-	-0.696969697	1
http://fr.wikipedia.org/wiki/AOC_Cassis	Relev??s des ph??nom??nes m??t??orologiques : Marseille-Marignane 1961-1990 .	Situation g??ographique	0	Mois	nombre de jours d'orage___nombre de jours de neige___nombre de jours de gel___nombre de jours de vent >=57,6 km/h___nombre de jours de vent >=100,8 km/h"	"nombre de jours d'orage___nombre de jours de vent >=57,6 km/h"	-0.7	0
http://en.wikipedia.org/wiki/List_of_lighthouses_and_lightvessels_in_Chile_(7)		Ushuaia Bay (A.)	4	Light characteristic	Fl.R. period 3s fl. 0.5s, ec. 2.5s___Iso.Y.Bu. period 6s___Al.Iso.Y.Bu. period 4s___Fl.W. period 5s fl. 0.5s, ec. 4.5s___Q.(6)+L.Fl.W. period 15s___Q.W.___Fl.W. period 10s fl. 0.5s, ec. 9.5s___Fl.W. period 8s fl. 1s, ec. 7s___Fl.W. period 5s fl. 0.5s, ec. 4.5s___Fl.(3)R. period 9s fl. 0.5s, ec. 1.5s fl. 0.5s, ec. 1.5s fl. 0.5s, ec. 4.5s___Fl.(2)W. period 16s fl. 1s, ec. 3s fl. 1s, ec. 11s"	"Q.W.___Fl.(2)W. period 16s fl. 1s, ec. 3s fl. 1s, ec. 11s"	-0.714285714	2
http://fr.wikipedia.org/wiki/Drapeau_de_l%27Allemagne_de_l%27Est		Conception	3	??? Or	255,204,0___7405 *___0.12.100.5___1021 Rapsgelb (rape yellow, jaune colza)___6.0R 4.5/14"	"0.12.100.5___1021 Rapsgelb (rape yellow, jaune colza)"	-0.723684211	2
http://en.wikipedia.org/wiki/List_of_Bucharest_metro_stations		Stations	2	Opened	1989___1989___1989___1989___Victoriei 1 (1986) / Victoriei 2 (1989)___Gara de Nord 1 (1990) / Gara de Nord 2 (2000)___Original platforms (1990) / extended platforms (2000)___1984___1979___1979___1979___1979___1986___1981___1981___Grigorescu 1 (1981), Grigorescu 2 (2008)___1981___1981___1981___1990___1987___1987___1987___1987___1987___1986___1986___1986___1986___1986___1986___1986___1983___1983___1991___1983___1983___2008___2008___2008___2000___2000___2011___2011"	1989___Gara de Nord 1 (1990) / Gara de Nord 2 (2000)	-0.695652174	2
http://en.wikipedia.org/wiki/Metro_Rail_(Los_Angeles_County)		Future	1	Description	Further extend the Metro Gold Line eastward to L.A./Ontario International Airport, via Upland.___New light-rail line planned to connect El Monte to Hollywood, via Valley Blvd corridor and Santa Monica Boulevard.___Light rail line to connect harbor area (San Pedro) to Metro Blue Line or Green Line.___Detailed comprehensive plan of regional mass transit, including new lines and extensions to existing lines."	"New light-rail line planned to connect El Monte to Hollywood, via Valley Blvd corridor and Santa Monica Boulevard.___Detailed comprehensive plan of regional mass transit, including new lines and extensions to existing lines."	-0.693333333	0
http://en.wikipedia.org/wiki/Integrated_Food_Security_Phase_Classification		IPC scale	1	Description	For at least 20 percent of households, food consumption is reduced but minimally adequate without having to engage in irreversible coping strategies. These households cannot fully meet livelihoods protection needs.___At least 20 percent of households have significant food consumption gaps OR are marginally able to meet minimum food needs only with irreversible coping strategies such as liquidating livelihood assets. Levels of acute malnutrition are high and above normal.___At least 20 percent of households face extreme food consumption gaps, resulting in very high levels of acute malnutrition and excess mortality; OR HH households face an extreme loss of livelihood assets that will likely lead to food consumption gaps. extreme loss of livelihood assets that will likely lead to food consumption gaps.___At least 20 percent of households face a complete lack of food and/or other basic needs and starvation, death, and destitution are evident; and acute malnutrition prevalence exceeds 30% ; and mortality rates exceed 2/10000/day"	"At least 20 percent of households face extreme food consumption gaps, resulting in very high levels of acute malnutrition and excess mortality; OR HH households face an extreme loss of livelihood assets that will likely lead to food consumption gaps. extreme loss of livelihood assets that will likely lead to food consumption gaps.___At least 20 percent of households face a complete lack of food and/or other basic needs and starvation, death, and destitution are evident; and acute malnutrition prevalence exceeds 30% ; and mortality rates exceed 2/10000/day"	-0.723214286	0
"http://en.wikipedia.org/wiki/Media_in_Omaha,_Nebraska"		Print	1	Description	Founded in 1874, bought by World-Herald in 1937 and closed___""The Danish Pioneer"" was founded in Omaha in 1872 and printed in the city until 1958___Founded in 1854___Founded in 1857___Founded in 1858 under Dr. Gilbert C. Monell and in 1859,to 1861 under E. D. Webster___1858___Founded in 1860___Founded in 1912 as a national German-language weekly; publishing company still operates in Omaha as the Interstate Printing Company.___Founded in 1865 under Dr. George L. Miller.___Founded in 1870 with Phineas W. Hitchcock as a chief stockholder.___Founded in 1871___Founded in 1885; purchased The Daily Herald in 1889."	1858___Founded in 1912 as a national German-language weekly; publishing company still operates in Omaha as the Interstate Printing Company.	-0.698630137	2
http://en.wikipedia.org/wiki/Chevrolet_Cruze?oldid=0		2008?€?present (J300)	3	Transmission	5-speed manual 6-speed GM 6T40 automatic___6-speed manual___5-speed manual 6-speed manual 6-speed GM 6T30 automatic 6-speed GM 6T40 automatic___Transmission___6-speed manual___5-speed manual 6-speed M32 manual 6-speed GM F40 manual 6-speed GM 6T45 automatic	Transmission___5-speed manual 6-speed M32 manual 6-speed GM F40 manual 6-speed GM 6T45 automatic	-0.705882353	2
http://de.wikipedia.org/wiki/Vandenberg_AFB_Space_Launch_Complex_3		Startliste	6	Mission/Nutzlast	Samos 2___Samos 3___Samos 4___Samos 5___Samos 6___Samos 7___Samos 8___Samos 9___Samos 10___Samos 11, TRS 1___KH-4 9061___KH-4A 1003, ORBIS 1___KH-4A 1006___KH-4A 1008___KH-4A 1010___KH-4A 1012___KH-4A 1017___KH-4A 1019___KH-4A 1022___KH-4A 1023___KH-4A 102___KH-4A 1026___KH-4A 1029___KH-4A 1031___KH-4A 1033___KH-4A 1035___KH-4A 1038___KH-4A 1039___KH-4A 1040___KH-4B 1103___KH-4B 1104___KH-4B 1105___KH-4A 1049, OPS 7684___KH-4B 1106, OPS 2644___KH-4A 1050, OPS 2285___KH-4A 1051, OPS 1721___KH-4B 1107___KH-4A 1052, OPS 4710___KH-4B 1108___KH-4B 1109, OPS 3402___KH-4B 1110, OPS 8520___KH-4B 1111___KH-4B 1112, OPS 6829___KH-4B 1113___KH-4B 1114___KH-4B 1115, OPS 7681___KH-4B 1116___KH-4B 1117___Tiros N___DMSP-Block-5B5D2-2___GPS SVN 9___GPS SVN 10___GPS SVN 11___DMSP-S-9___DMSP-S-8___DMSP-S-10___DMSP-S-12___DMSP 23545___DMSP 24547___DMSP 5D F-18___Landsat (LDCM)"	"KH-4A 1049, OPS 7684___Landsat (LDCM)"	-0.701492537	0
http://en.wikipedia.org/wiki/List_of_Avengers_members		Original Organization (1963?€?2004)	3	Notes	Originally given probationary status in Avengers #137 (July 1975). Former member of the Secret Avengers. Current member of the New Avengers.___Time traveler from the 19th century; joined as a reserve member. Originally given honorary status in Avengers #147 (May 1976).___Originally given probationary status in Avengers #158 (April 1977). Founding West Coast member. Former leader of the Revengers. Current member of the Avengers Unity Squad.___Active as Warbird in Avengers vol. 3 #4 (1998). Former member of the New Avengers. Current member of the main Avengers team as Captain Marvel.___Current member of the main Avengers team.	Originally given probationary status in Avengers #158 (April 1977). Founding West Coast member. Former leader of the Revengers. Current member of the Avengers Unity Squad.___Current member of the main Avengers team.	-0.720930233	0
http://en.wikipedia.org/wiki/Open_the_Ultimate_Gate		2010	1	Matches	YAMATO defeated Luke Hawx___Susumu Yokosuka & Genki Horiguchi defeated Mike Quackenbush & Jigsaw___YAMATO defeated TJP___Brian Kendrick & Jon Moxley defeated Jimmy Jacobs & Paul London___Masato Yoshino defeated Shingo Takagi___L.A. Park & El Hijo de Rey Misterio defeated Derrick Neikirk & GQ Gallo___BxB Hulk defeated Naruki Doi___CIMA & GAMMA & Dragon Kid defeated Jack Evans & The Young Bucks"	YAMATO defeated TJP___CIMA & GAMMA & Dragon Kid defeated Jack Evans & The Young Bucks	-0.692307692	2
http://en.wikipedia.org/wiki/4th_Canadian_Parliament		List of members	2	Party	Thomas Robert McInnes, until appointed to Senate 24 December 1881___Arthur Bunster___Sir John Alexander Macdonald___Edgar Dewdney (acclaimed), resigned 30 May 1879 to become Indian Commissioner of Manitoba and the North West Territories"	"Arthur Bunster___Edgar Dewdney (acclaimed), resigned 30 May 1879 to become Indian Commissioner of Manitoba and the North West Territories"	-0.710843373	2
http://schools-wikipedia.org/wp/m/Michael_Jordan.htm		NBA career statistics	0	Year	<!--del_lnk--> 1985&ndash;86___<!--del_lnk--> 1986&ndash;87___<!--del_lnk--> 1987&ndash;88___<!--del_lnk--> 1988&ndash;89___<!--del_lnk--> 1989&ndash;90___<!--del_lnk--> 1990&ndash;91&dagger;___<!--del_lnk--> 1991&ndash;92&dagger;___<!--del_lnk--> 1992&ndash;93&dagger;___<!--del_lnk--> 1994&ndash;95___<!--del_lnk--> 1995&ndash;96&dagger;___<!--del_lnk--> 1996&ndash;97&dagger;___<!--del_lnk--> 1997&ndash;98&dagger;___<!--del_lnk--> 2001&ndash;02___<!--del_lnk--> 2002&ndash;03___Career___All-Star	<!--del_lnk--> 1990&ndash;91&dagger;___Career	-0.7	2
http://en.wikipedia.org/wiki/Lea_Michele?editintro=Template:BLP_editintro		Credits and performances	3	Notes	Pilot___Lead role___""Elementary School Musical"" (Season 22, episode 1)___""How Do You Solve a Problem Like Roberta?"" (Season 2, episode 11)___Guest Star (Season 2, episode 1 ""Individuality"")"	"Pilot___""How Do You Solve a Problem Like Roberta?"" (Season 2, episode 11)"	-0.7	2
http://sv.wikipedia.org/wiki/K%C3%A4rnkraft_i_Tyskland		Forskningsreaktorer	7	Reaktortyp	LWR___homogen (L)/L-54 (L)___homogen (L)/L-54 (L)___Poolreaktor/MTR___Argonaut___Argonaut___HWR___Poolreaktor/MTR___homogen (S)/SUR-100___Tank/HWR___Argonaut___Argonaut___Poolreaktor/MTR___homogen (S)/Zero power critical/SUR-100___homogen (S)/Zero power critical/SUR-100___Zero power critical___homogen (S)/Zero power critical/SUR-100___homogen (S)/Zero power critical/SUR-100___Poolreaktor/TRIGA-II___homogen (S)/Zero power critical/SUR-100___homogen (S)/Zero power critical/SUR-100___homogen (S)/Zero power critical/SUR-100___homogen (S)/Zero power critical/SUR-100___Poolreaktor/TRIGA-I___homogen___homogen/L77 A___Tank/Zero power critical___Poolreaktor/MTR___homogen (S)/Zero power critical/SUR-100___PWR/Skeppsreaktor___Tank/Zero power critical___Zero power critical___homogen (S)/Zero power critical/SUR-100___Poolreaktor/TRIGA-III___Poolreaktor/TRIGA-I___homogen (S)/Zero power critical/SUR-100___Zero power critical___Poolreaktor/MTR___Poolreaktor/TRIGA-I___homogen/Zero power critical/SUR-100___HWR___Poolreaktor/HWR___homogen/Zero power critical/SUR-100___Poolreaktor/TRIGA	homogen (L)/L-54 (L)___Tank/Zero power critical	-0.701492537	0
http://en.wikipedia.org/wiki/PixelJunk		Series 1	3	Notes	An expansion, 1-2a PixelJunk Monsters Encore, was released in 2008. A PSP version titled PixelJunk Monsters Deluxe was released in 2009.___An expansion, 1-3a PixelJunk Eden Encore, was released in 2009.___A sequel, 1-4a PixelJunk Shooter 2, was released March 1, 2011.___PixelJunk Shooter 2 is the sequel to 1-4 PixelJunk Shooter, which was released in 2009."	"An expansion, 1-2a PixelJunk Monsters Encore, was released in 2008. A PSP version titled PixelJunk Monsters Deluxe was released in 2009.___PixelJunk Shooter 2 is the sequel to 1-4 PixelJunk Shooter, which was released in 2009."	-0.710526316	0
http://pt.wikipedia.org/wiki/It_Was_Written		Faixas	6	Sample(s)	Contains sample from ""Shape of My Heart"" by Sting Contains sample from ""Woman"" by Neneh Cherry Contains samples from ""NY State Of Mind"" by Nas Contains sample from ""Impeach the President"" by The Honey Drippers___Contains an interpolation of ""Sweet Dreams (Are Made of This)"" by Eurythmics Contains sample from ""Never Gonna Stop"" by Linda Clifford___Contains sample from ""Theme Bahamas"" by Ahmad Jamal___Contains sample from ""Sponge"" by Bob James & Earl Klugh___Contains sample from ""Ease Back"" by Ultramagnetic MCs Contains sample from ""Mixed Up Moods & Attitudes"" by The Fantastic Four___Contains sample from ""Synopsis Two: Mother's Day "" by 24 Carat Black___Contains sample from ""Hard to Handle"" by Etta James___Contains sample from ""Starlight"" by Stephanie Mills___Contains sample from ""El Gato Triste"" by Chuck Mangione___Contains sample from ""I Wish You Were Here"" by Al Green Contains sample from ""Theme from 'The Avengers'"" by Laurie Johnson___Contains sample from ""Friends"" by Whodini Contains an interpolation of ""If I Ruled the World"" by Kurtis Blow Contains an interpolation of ""Walk Right Up to the Sun"" by The Delfonics___Contains sample from ""You're Getting a Little Too Smart"" by The Detroit Emeralds Contains sample from ""Get a Life"" by Soul II Soul"	"Contains sample from ""Synopsis Two: Mother's Day "" by 24 Carat Black___Contains sample from ""I Wish You Were Here"" by Al Green Contains sample from ""Theme from 'The Avengers'"" by Laurie Johnson"	-0.71875	0
http://ja.wikipedia.org/wiki/HP-GL	HP-GL ??????????????????		0	????????????	IP;___SC0,100,0,100;___SP1;___PU0,0;___PD100,0,100,100,0,100,0,0;___PU50,50;___CI25;___SS;___DT*,1;___PU20,80;___LBHello World*;"	"PD100,0,100,100,0,100,0,0;___LBHello World*;"	-0.7	2
http://nl.wikipedia.org/wiki/Lijst_van_vliegrampen		1970 - 1979	1	Datum	02-10___Een Lockheed L-1011 TriStar van Eastern Airlines stort neer in de Everglades in Florida als de piloten afgeleid worden. Het ongeval kost aan 101 mensen het leven.___03-07___Een Douglas DC-9-31 van Southern Airways moet als gevolg van een onweersbui een noodlanding maken op een snelweg. 70 mensen komen om.___Een Boeing 727 van TAP Portugal raakt tijdens de landing op de luchthaven van Madeira door slecht weer van de baan. 131 mensen overleven de crash niet.___Een Nieuw-Zeelands vliegtuig stort neer op Mount Erebus op Antarctica, waar het een rondvlucht maakt. Alle 257 inzittenden komen om het leven."	Een Lockheed L-1011 TriStar van Eastern Airlines stort neer in de Everglades in Florida als de piloten afgeleid worden. Het ongeval kost aan 101 mensen het leven.___Een Douglas DC-9-31 van Southern Airways moet als gevolg van een onweersbui een noodlanding maken op een snelweg. 70 mensen komen om.	-0.711538462	0
http://en.wikipedia.org/wiki/Id_identity_of_the_soul		World Tour	1	Location	West Bank: Ramallah, Nablus, Bethlehem, Jerusalem, Hebron/Halhul, Qalqilya, Jericho and Jenin___Doha, in Qatar___Skien, in Norway___Amman, in Jordan___Cambridge Film Festival, Picturehouse Cinemas Curzon Cinema, Mayfair, London; Ritzy Cinema, Brixton, London, in Britain___Picturehouse Cinemas Duke of York's Picturehouse, Brighton; Exeter Picturehouse; Harbour Lights Picturehouse, Southampton___Picturehouse Cinemas Cameo Picturehouse, Edinburgh; Scala Cinema, Prestatyn; Chapter Cinema, Cardiff; Regal Picturehouse, Henley___7pm Thursday 21 January, Birmingham Library Theatre___2.30 pm Saturday 13 February, Pictureville National Media Museum, Bradford___3pm, 5pm, 7pm 21 March, The Drum (Arts Centre), Birmingham"	"West Bank: Ramallah, Nablus, Bethlehem, Jerusalem, Hebron/Halhul, Qalqilya, Jericho and Jenin___Picturehouse Cinemas Duke of York's Picturehouse, Brighton; Exeter Picturehouse; Harbour Lights Picturehouse, Southampton"	-0.716049383	0
http://nl.wikipedia.org/wiki/Fomalhaut_b	Fomalhaut b		0	Exoplaneet	Moederster___Baanelementen___Fysieke kenmerken___Ontdekking___Andere benamingen___24 Piscis Austrinus b, Alpha Piscis Austrinus b, Gl 881 b, HD 216956 b, HIP 113368 b, HR 8728 b"	"Fysieke kenmerken___24 Piscis Austrinus b, Alpha Piscis Austrinus b, Gl 881 b, HD 216956 b, HIP 113368 b, HR 8728 b"	-0.714285714	2
http://sq.wikipedia.org/wiki/UEFA_Liga_e_Kampion%C3%ABve_-_statistikat		P??rmbajtja	3	Fitues	Real Madrid (9) Barcelona (3)___Liverpool (5) Man United (3) Nottingham Forest (2) Aston Villa (1)___Bayern Munich (4) Borussia Dortmund (1) Hamburg (1)___Ajax Amsterdam (4) PSV Eindhoven (1) Feyenoord Rotterdam (1)___Benfica (2) FC Porto (2)___Marseille (1)___Celtic (1)___Steaua Bucharest (1)___Red Star Belgrade (1) Si Jugosllavia___s'ka___s'ka___s'ka	Bayern Munich (4) Borussia Dortmund (1) Hamburg (1)___s'ka	-0.692307692	2
http://he.wikipedia.org/wiki/%D7%9E%D7%95%D7%93%D7%9C_%D7%94%D6%BEOSI		??????????	4	????????????????????	MIME,Unicode, ASCII___SSH, PPTP___TCP, UDP___IP, IPX, RIP___Ethernet, Token ring___RS232,802.11x WiFi, E1, 10Base-T, DSL"	"MIME,Unicode, ASCII___RS232,802.11x WiFi, E1, 10Base-T, DSL"	-0.714285714	0
http://en.wikipedia.org/wiki/Shamelin_Expressway		List of interchanges	2	Interchange	Pandan Jaya___KUALA LUMPUR MIDDLE RING ROAD 2 NORTH Ampang Ulu Klang Kuantan Genting Highlands Batu Caves Kepong SOUTH Cheras Kajang Seremban Kuala Lumpur International Airport (KLIA) Johor Bahru Kompleks Sukan Negara Shah Alam Klang	Pandan Jaya___KUALA LUMPUR MIDDLE RING ROAD 2 NORTH Ampang Ulu Klang Kuantan Genting Highlands Batu Caves Kepong SOUTH Cheras Kajang Seremban Kuala Lumpur International Airport (KLIA) Johor Bahru Kompleks Sukan Negara Shah Alam Klang	-0.718309859	2
http://en.wikipedia.org/wiki/List_of_Say_Yes_to_the_Dress_episodes		Episodes	2	Title	""Bridal BFFs""___""Mother Knows Best""___""I Do--Redux""___""Daddy's Little Girl""___""Bridal Blow Out""___""Runway Bridal""___""Every Bride Counts""___""Grooms in Gowns""___""What a Bride Wants""___""Double the Trouble""___""It's Always Something""___""It's My Wedding, But Don't Tell the Bridesmaid""___""One is Not Enough""___""To Have And To Hold...The Dress""___""Ciao and Cheerio""___""I'm Not the Problem""___""Bridal Nightmares""___""Under Pressure""___""Emotions Run Wild""___""Second Chances""___""That's My Dress!""___""Daddy Knows Best""___""Time to Cut the Cord"""	"It's My Wedding, But Don't Tell the Bridesmaid___""To Have And To Hold...The Dress"""	-0.694444444	2
