http://en.wikipedia.org/wiki/Demise_(Nachtmystium_album)		Track listing	1	Title	""Solitary Voyage""___""Scorpio Incarnate""___""Ashes to Ashes""___""The Glorious Moment""___""Rise and Fall""___""Transmission Postmortem (Outro)"" (performed by Azentrius, S.M.T. & A.R.)"	"Rise and Fall___""Transmission Postmortem (Outro)"" (performed by Azentrius, S.M.T. & A.R.)"	-27	2
http://en.wikipedia.org/wiki/List_of_number-one_alternative_rock_singles_(Canada)		Chart history	1	Song	""The Fixer""___""Uprising""___""(If You're Wondering If I Want You To) I Want You To""___""Wheels""___""New Fang""___""Just Breathe""___""Gold Guns Girls""___""Between the Lines""___""Lay Me Down""___""Ready to Start""___""Tighten Up""___""Radioactive""___""Tighten Up""___""Sick of You""___""Dog Days Are Over""___""Sick of You""___""Shake Me Down""___""Howlin' for You""___""Rope""___""Fragile Bird""___""Pumped Up Kicks""___""Fragile Bird""___""The Adventures of Rain Dance Maggie""___""Helena Beat""___""These Days""___""Lonely Boy""___""Somebody That I Used to Know""___""Gold on the Ceiling""___""Somebody That I Used to Know""___""Gold on the Ceiling""___""Youth Without Youth""___""I Will Wait""___""The Way It Is""___""I Will Wait""___""Take a Walk""___""Mountain Sound"""	"Take a Walk___""(If You're Wondering If I Want You To) I Want You To"""	-30	2
http://en.wikipedia.org/wiki/Momentum_(Close_to_Home_album)		Track listing	1	Title	""Don't Waste Your Breath""___""Pirates Belong at Sea""___""Hanging Onto Nothing""___""Family Ties"" (feat. David Stephens and Kyle Pavone of We Came as Romans)___""Backstabbers Need Not Apply""___""Sleepless in Cincinnati""___""Young & Stupid""___""Fake It Til You Make It""___""Modern Warfare""___""Nights Like Tonight"""	"Pirates Belong at Sea___""Family Ties"" (feat. David Stephens and Kyle Pavone of We Came as Romans)"	-27.32608696	2
http://it.wikipedia.org/wiki/Derby_della_Puglia		Bari-Lecce	5	Marcatori squadra di casa	Daniel Andersson (B) al 36', rig al 50', Paolo Poggi (B) al 92'___Gionatha Spinesi (B) al 4', Yksel Osmanovski (B) al 16', Antonio Cassano (B) al 33'___Diego De Ascentis (B) al 39', rig. Klas Ingesson (B) al 44'___Antonio Soda (B) all'84'______Adriano Piraccini (B) al 10'"	"Antonio Soda (B) all'84'___Gionatha Spinesi (B) al 4', Yksel Osmanovski (B) al 16', Antonio Cassano (B) al 33'"	-32	0
http://en.wikipedia.org/wiki/Heat_(soundtrack)		Track listing	1	Title	""Always Forever Now"" (from Original Soundtracks 1, 1995)___""Condensers""___""Refinery Surveillance""___""Last Night"" (from Blue, 1987)___""Ultramarine"" (from Cobalt Blue, 1992)___""Armenia"" (from Zeichnungen des Patienten O. T., 1983)___""Of Helplessness""___""Steel Cello Lament""___""Mystery Man"" (from The Singles Collection, 1989)___""New Dawn Fades"" (from I Like to Score, 1997)___""Entrada & Shootout""___""Force Marker""___""Coffee Shop""___""Fate Scrapes""___""La Bas: Song of the Drowned [Edited Version]"" (from The Mirror Pool, 1995)___""Gloradin"" (from The Mirror Pool, 1995)___""Run Uphill""___""Predator Diorama""___""Of Separation""___""God Moving Over the Face of the Waters"" (from Everything Is Wrong, 1995)"	"Steel Cello Lament___""La Bas: Song of the Drowned [Edited Version]"" (from The Mirror Pool, 1995)"	-32	2
http://de.wikipedia.org/wiki/Englischer_Fu%C3%9Fball-Meister		Football League (1888/89 ?€? 1891/92) Football League First Division (1892/93 ?€? 1991/92)	3	Torsch??tzenk??nig(e)	Nicholas J. Ross (Preston North End) (22)___John Southworth (Blackburn Rovers) (26)___Johnny Campbell (AFC Sunderland) (32)___Johnny Campbell (AFC Sunderland) (31)___John Southworth (FC Everton) (27)___Johnny Campbell (AFC Sunderland) (22)___Johnny Campbell (Aston Villa) und Steve Bloomer (Derby County) (20)___Steve Bloomer (Derby County) (22)___Fred Wheldon (Aston Villa) (21)___Steve Bloomer (Derby County) (23)___Billy Garraty (Aston Villa) (27)___Steve Bloomer (Derby County) (23)___Jimmy Settle (FC Everton) (18)___Sam Raybould (FC Liverpool) (31)___Steve Bloomer (Derby County) (20)___Arthur Brown (Sheffield United) (22)___Albert Shepherd (Bolton Wanderers) (26)___Alf Young (FC Everton) (30)___Enoch West (Nottingham Forest) (27)___Bert Freeman (FC Everton) (38)___Jack Parkinson (FC Liverpool) (30)___Albert Shepherd (Newcastle United) (25)___H. Hampton (Aston Villa), G. Holley (AFC Sunderland) und D. McLean (The Wednesday) (25)___David McLean (The Wednesday) (30)___George Elliott (FC Middlesbrough) (32)___Bobby Parker (FC Everton) (36)___Fred Morris (West Bromwich Albion) (37)___Joe Smith (Bolton Wanderers) (38)___Andy Wilson (FC Middlesbrough) (31)___Charlie Buchan (AFC Sunderland) (30)___Wilf Chadwick (FC Everton) (28)___Frank Roberts (Manchester City) (31)___Ted Harper (Blackburn Rovers) (43)___Jimmy Trotter (The Wednesday) (37)___Dixie Dean (FC Everton) (60)___Dave Halliday (AFC Sunderland) (43)___Vic Watson (West Ham United) (41)___Tom 'Pongo' Waring (Aston Villa) (49)___Dixie Dean (FC Everton) (44)___Jack Bowers (Derby County) (35)___Jack Bowers (Derby County) (34)___Ted Drake (FC Arsenal) (42)___W. G. Richardson (West Bromwich Albion) (39)___Freddie Steel (Stoke City) (33)___Tommy Lawton (FC Everton) (28)___Tommy Lawton (FC Everton) (35)___Dennis Westcott (Wolverhampton Wanderers) (38)___Ronnie Rooke (FC Arsenal) (33)___Willie Moir (Bolton Wanderers) (25)___Dickie Davis (AFC Sunderland) (25)___Stan Mortensen (FC Blackpool) (30)___George Robledo (Newcastle United) (33)___Charlie Wayman (Preston North End) (24)___Jimmy Glazzard (Huddersfield Town) (29)___Ronnie Allen (West Bromwich Albion) (27)___Nat Lofthouse (Bolton Wanderers) (33)___John Charles (Leeds United) (38)___Bobby Smith (Tottenham Hotspur) (36)___Jimmy Greaves (FC Chelsea) (33)___Dennis Viollet (Manchester United) (32)___Jimmy Greaves (FC Chelsea) (41)___Ray Crawford (Ipswich Town) und Derek Kevan (West Bromwich Albion) (33)___Jimmy Greaves (Tottenham Hotspur) (37)___Jimmy Greaves (Tottenham Hotspur) (35)___Andy McEvoy (Blackburn Rovers) und Jimmy Greaves (Tottenham Hotspur) (29)___Willie Irvine (FC Burnley) (29)___Ron Davies (FC Southampton) (37)___George Best (Manchester United) und Ron Davies (FC Southampton) (28)___Jimmy Greaves (Tottenham Hotspur) (27)___Jeff Astle (West Bromwich Albion) (25)___Tony Brown (West Bromwich Albion) (28)___Francis Lee (Manchester City) (33)___Pop Robson (West Ham United) (28)___Mick Channon (FC Southampton) (21)___Malcolm Macdonald (Newcastle United) (21)___Ted MacDougall (Norwich City) (23)___Malcolm Macdonald (FC Arsenal) und Andy Gray (Aston Villa) (25)___Bob Latchford (FC Everton) (30)___Frank Worthington (Bolton Wanderers) (24)___Phil Boyer (FC Southampton) (23)___Peter Withe (Aston Villa) und Steve Archibald (Tottenham Hotspur) (20)___Kevin Keegan (FC Southampton) (26)___Luther Blissett (FC Watford) (27)___Ian Rush (FC Liverpool) (32)___Kerry Dixon (FC Chelsea) und Gary Lineker (Leicester City) (24)___Gary Lineker (FC Everton) (30)___Clive Allen (Tottenham Hotspur) (33)___John Aldridge (FC Liverpool) (26)___Alan Smith (FC Arsenal) (23)___Gary Lineker (Tottenham Hotspur) (24)___Alan Smith (FC Arsenal) (22)___Ian Wright (Crystal Palace/FC Arsenal) (29)"	"Gary Lineker (Tottenham Hotspur) (24)___H. Hampton (Aston Villa), G. Holley (AFC Sunderland) und D. McLean (The Wednesday) (25)"	-32	0
http://en.wikipedia.org/wiki/2011%E2%80%9312_Stoke_City_F.C._season		Results	6	Scorers	Jones 75'___Marshall (2) 19', 30', Lund 41', Arismendi (2) 65', 80', Delap 87'___Stambolziev 35', Jones (2) 47', 51', Pennant 54', Whelan 57', Walters 81'_________"	"Stambolziev 35', Jones (2) 47', 51', Pennant 54', Whelan 57', Walters 81'___Jones 75'"	-36	2
http://pt.wikipedia.org/wiki/Music_from_the_Motion_Picture_%22Purple_Rain%22		Faixas	2	Compositor(es)	Prince___Prince___Prince, John L. Nelson, Wendy & Lisa, Dr. Fink___Prince___Prince___Prince___Prince___Prince"	"Prince___Prince, John L. Nelson, Wendy & Lisa, Dr. Fink"	-27	2
http://en.wikipedia.org/wiki/List_of_lighthouses_and_lightvessels_in_Chile_(7)		Ushuaia Bay (A.)	4	Light characteristic	Fl.R. period 3s fl. 0.5s, ec. 2.5s___Iso.Y.Bu. period 6s___Al.Iso.Y.Bu. period 4s___Fl.W. period 5s fl. 0.5s, ec. 4.5s___Q.(6)+L.Fl.W. period 15s___Q.W.___Fl.W. period 10s fl. 0.5s, ec. 9.5s___Fl.W. period 8s fl. 1s, ec. 7s___Fl.W. period 5s fl. 0.5s, ec. 4.5s___Fl.(3)R. period 9s fl. 0.5s, ec. 1.5s fl. 0.5s, ec. 1.5s fl. 0.5s, ec. 4.5s___Fl.(2)W. period 16s fl. 1s, ec. 3s fl. 1s, ec. 11s"	"Fl.W. period 5s fl. 0.5s, ec. 4.5s___Fl.(3)R. period 9s fl. 0.5s, ec. 1.5s fl. 0.5s, ec. 1.5s fl. 0.5s, ec. 4.5s"	-37	0
http://en.wikipedia.org/wiki/Bohemia_Interactive		Products	3	Release Date	November 2001___June 2002___November 2002___October 2005___November 2006 (Czech Republic/Germany), February 2007 (Europe), May 2007 (US)___September 2007 (EU)___November 2007___June 2009___October 2009___June 2010___August 2010___November 2010___November 2010___October 2011___March 2012___August 2012___September 2012___November 2012___May 2013___Final: September 12, 2013 Early Access: March 5, 2013"	"May 2013___November 2006 (Czech Republic/Germany), February 2007 (Europe), May 2007 (US)"	-32	2
http://en.wikipedia.org/wiki/Members_of_the_24th_Seanad		Changes	6	Notes	James Heffernan loses the parliamentary Labour Party whip.___Fidelma Healy Eames loses the Fine Gael party whip for voting against the Protection of Life During Pregnancy Bill 2013.___Paul Bradford loses the Fine Gael party whip for voting against the Protection of Life During Pregnancy Bill 2013.	Paul Bradford loses the Fine Gael party whip for voting against the Protection of Life During Pregnancy Bill 2013.___James Heffernan loses the parliamentary Labour Party whip.	-27	0
http://en.wikipedia.org/wiki/Rally_Sweden		Results	0	Rally name | Rank	37th International Swedish Rally 13 to 14 February 1987 Round 2 of the 1987 World Rally Championship___38th International Swedish Rally 4 to 6 February 1988 Round 2 of the 1988 World Rally Championship___39th International Swedish Rally 6 to 8 January 1989 Round 1 of the 1989 World Rally Championship for Drivers___40th International Swedish Rally 16 to 18 February 1991 Round 2 of the 1991 World Rally Championship for Drivers___41st International Swedish Rally to February 1992 Round 2 of the 1992 World Rally Championship for Drivers___42nd International Swedish Rally 12 to 14 February 1993 Round 2 of the 1993 World Rally Championship___43rd International Swedish Rally 4 to 6 February 1994 Round 2 of the 1994 FIA 2-Litre World Cup for Manufacturers___44th International Swedish Rally 10 to 12 February 1995 Round 2 of the 1995 World Rally Championship Round 2 of the 1995 FIA 2-Litre World Championship for Manufacturers___45th International Swedish Rally 9 to 11 February 1996 Round 2 of the 1996 World Rally Championship___46th International Swedish Rally 7 to 10 February 1997 Round 2 of the 1997 World Rally Championship___47th International Swedish Rally 6 to 8 February 1998 Round 2 of the 1998 World Rally Championship___48th International Swedish Rally 12 to 14 February 1999 Round 2 of the 1999 World Rally Championship	46th International Swedish Rally 7 to 10 February 1997 Round 2 of the 1997 World Rally Championship___44th International Swedish Rally 10 to 12 February 1995 Round 2 of the 1995 World Rally Championship Round 2 of the 1995 FIA 2-Litre World Championship for Manufacturers	-30	0
http://en.wikipedia.org/wiki/Cause_Co-Motion!		Discography	3	B-Sides	'This Just Won't Last', 'This Tie Next Year' and 'Take a Look'___Falling Again___'Don't You Know?', 'Say What You Feel' and 'When Will It Finally End?'"	"'This Just Won't Last', 'This Tie Next Year' and 'Take a Look'___Falling Again"	-37	2
http://en.wikipedia.org/wiki/R%F6yksopp		Reception and awards	2	Category	Best Music Video for ""Remind Me"" (Won) Spellemann Special Award (Won)___Best International Group (Nominated)___Best Pop Group (Won)___Best Club for ""The Understanding"" (Won)___Best Remixed Recording, Non-Classical for ""The Girl And The Robot (Jean Elan Remix)"" (Nominated)___Best Composer for ""Junior"" (Won) Best Electronic Album for ""Junior"" (Won)"	"Best Club for ""The Understanding"" (Won)___Best Remixed Recording, Non-Classical for ""The Girl And The Robot (Jean Elan Remix)"" (Nominated)"	-30	0
http://hi.wikipedia.org/wiki/%E0%A4%85%E0%A4%82%E0%A4%97%E0%A5%8D%E0%A4%B0%E0%A5%87%E0%A4%9C%E0%A4%BC%E0%A5%80_%E0%A4%AD%E0%A4%BE%E0%A4%B7%E0%A4%BE		????????????????????????	1	??????????????????????????? ?????? ???????????????	b___c (+ a, o, u, consonants), k, ck, ch, qu (rarely) conquer, kh (in foreign words)___g, gh, gu (+ a, e, i), gue (final position)___m___n___n (before g or k), ng___th : there is no obvious way to identify which is which from the spelling.___s, c (+ e, i, y), sc (+ e, i, y)___z, s (finally or occasionally medially),"	"z, s (finally or occasionally medially),___c (+ a, o, u, consonants), k, ck, ch, qu (rarely) conquer, kh (in foreign words)"	-30.32608696	0
http://en.wikipedia.org/wiki/The_Magic_Numbers		Discography	2	Love Me Like You	#12___""Drunk on Your Words"" ""Delphina's Song"" ""Travelling Souls"""	"#12___""Drunk on Your Words"" ""Delphina's Song"" ""Travelling Souls"""	-29.32608696	2
http://en.wikipedia.org/wiki/The_Power_of_Love_(Jennifer_Rush_song)		Original Jennifer Rush version	1	Peak position	1___1___9___4___25___7___1___1___1___""The Power of Love""/ 2 ""Si tu eres mi hombre y yo tu mujer""/ 1___3___3___1___1___57"	"1___""The Power of Love""/ 2 ""Si tu eres mi hombre y yo tu mujer""/ 1"	-38	2
http://en.wikipedia.org/wiki/Timeline_of_Lebanese_history		17th century	2	Event	Fakhr ad-Din II returns to Lebanon with the beginning of Muhammad Pasha's reign as the new governor of Damascus.___The Battle of Anjar took place on 31 October, near Majdal Anjar between the army of Fakhr ad-Din II and an Ottoman army led by the governor of Damascus Mustafa Pasha.___By the orders of Murad IV, Kutshuk, the governor of Damascus, defeats Fakhr ad-Din who was later executed in Constantinople."	"By the orders of Murad IV, Kutshuk, the governor of Damascus, defeats Fakhr ad-Din who was later executed in Constantinople.___The Battle of Anjar took place on 31 October, near Majdal Anjar between the army of Fakhr ad-Din II and an Ottoman army led by the governor of Damascus Mustafa Pasha."	-27.30434783	0
http://en.wikipedia.org/wiki/Cyrina_Fiallo		Filmography	1	Title	Winter and Spring___Little Miss CEO___Quitters___Everybody Hates Chris___A Marriage___My Alibi___My Date___Delusions of Love: A Case Study in Jealousy and 19th Century Formal Wear___My Roommate the___Freeport___The Subpranos___Made... The Movie___Community___Gigantic___Friends 4ever___je vous adore___Switched at Birth___Good Luck Charlie___Supernatural	The Subpranos___Delusions of Love: A Case Study in Jealousy and 19th Century Formal Wear	-30	2
http://en.wikipedia.org/wiki/Nepalese_banknotes		2012	2	Main Colour | Obverse	Mount Everest; Garud Narayan of Changu Narayan temple___Mount Everest; temple of god Krishna of Patan; Garuda atop pillar___Mount Everest; Rama-Janaki temple of Janakpur___Mount Everest; Mayadevi inside silver metallic oval; map of Nepal; Ashoka pillar; wood carvings from temple of Taleju in Kathmandu; description ""Lumbini - Birthplace of Lord Buddha""___Mount Everest; god Indra; Mount Amadablam and Thyangboche monastery; wood carvings; clouds"	"Mount Everest; temple of god Krishna of Patan; Garuda atop pillar___Mount Everest; Mayadevi inside silver metallic oval; map of Nepal; Ashoka pillar; wood carvings from temple of Taleju in Kathmandu; description ""Lumbini - Birthplace of Lord Buddha"""	-43	0
http://nl.wikipedia.org/wiki/Station_Amsterdam_Lelylaan		Treinen	3	Bijzonderheden	Rijdt 's avonds en in het weekend tot Amersfoort.___Rijdt alleen 's avonds en op zaterdagochtend en op zondagochtend en meestal slechts een deel van het traject. Combi van de serie 2600 en serie 700/12700.	Rijdt 's avonds en in het weekend tot Amersfoort.___Rijdt alleen 's avonds en op zaterdagochtend en op zondagochtend en meestal slechts een deel van het traject. Combi van de serie 2600 en serie 700/12700.	-37	0
http://en.wikipedia.org/wiki/List_of_bus_routes_in_Singapore		Routes	7	Remarks	Weekdays AM and PM Peak. Flexible express route between Boon Lay Avenue and Orchard Road.___Terminated at Bedok Bus Interchange until 12 November 2006.___Weekdays AM and PM Peak. Bus service is under Bus Service Enhancement Programme (BSEP).___Route amended and operating hours extended from 26 December 2005. Flexible express route between Bedok North Road and Raffles Boulevard. Amended to ply Bayfront Avenue on 26 April 2010.___Weekdays AM and PM Peak. Flexible express route between Loyang Avenue and Moulmein Road.___Also known as the Lentor Estate Premium route. Formerly known as 592.___A second trip for Premium Service 538 will commence from 19 March 2012.___A second trip for Premium Service 544 will commence from 19 March 2012."	Weekdays AM and PM Peak. Flexible express route between Loyang Avenue and Moulmein Road.___Route amended and operating hours extended from 26 December 2005. Flexible express route between Bedok North Road and Raffles Boulevard. Amended to ply Bayfront Avenue on 26 April 2010.	-37.32608696	0
http://en.wikipedia.org/wiki/List_of_BlackBerry_products		Consumer models (8000 - 9000 series)	4	Network	850/900/1800/1900 MHz GSM/GPRS/EDGE___850/900/1800/1900 MHz GSM/GPRS/EDGE___850/900/1800/1900 MHz GSM/GPRS/EDGE___850/900/1800/1900 MHz GSM/GPRS/EDGE, UMTS/HSDPA (DoCoMo model features additional 800 MHz WCDMA frequency), WiFi___EDGE, HSPA, UMTS/HSDPA, HSUPA___GSM/GPRS/EDGE 850/900/1800/1900, UMTS HSPA 2100___GSM/GPRS/EDGE 850/900/1800/1900, UMTS HSPA 2100___CDMA EV-DO 800/1900, GSM/GPRS/EDGE 850/900/1800/1900, UMTS HSPA 2100______UMTS 2100/1900/850/800 and GSM/GPRS/EDGE 850/900/1800/1900 3g/wi-f1___UMTS 2100/1900/850/800 MHz or 2100/1700/900 MHz and GSM/GPRS/EDGE 850/900/1800/1900"	"850/900/1800/1900 MHz GSM/GPRS/EDGE___850/900/1800/1900 MHz GSM/GPRS/EDGE, UMTS/HSDPA (DoCoMo model features additional 800 MHz WCDMA frequency), WiFi"	-35	0
http://en.wikipedia.org/wiki/Larry_Drake	List of film roles	Filmography	3	Notes	Minor role___Minor role___Minor role Uncredited___Minor role___Minor role___Minor role Direct-to-video___Minor role___Minor role___Minor role___Main role___Main role___Main role___Main role___Main role Television film___Main role___Main role Television film___Minor role___Main role___Voice only Main role Television film A.K.A. Batman of the Future___Main role Television film___Minor role___Main role___Main role Short___Main role___Main role Television film___Minor role___Voice only Main role	Minor role___Voice only Main role Television film A.K.A. Batman of the Future	-27	2
http://da.wikipedia.org/wiki/Judas_Priests_diskografi		Album	1	Titel	Hero, Hero*___The Collection*___Genocide*___Metal Works '73-'93___Prisoners of Pain___The Best of Judas Priest: Living After Midnight (ikke godkendt af bandet)___Metalogy___The Essential Judas Priest (Best Of 1976-1990, 2005)"	The Collection*___The Best of Judas Priest: Living After Midnight (ikke godkendt af bandet)	-27.32608696	2
http://tl.wikipedia.org/wiki/Marian_Rivera		Karangalan	2	Award	Ranked # 1___Ranked # 3___Ranked # 1___Ranked # 31___Ranked # 1___Ranked # 24___Ranked # 38___Ranked # 1 Mga palabas na kawing ""LATEST MARIAN RIVERA NEWS and UPDATES"" Marian Rivera Nagmamahal kay Marian website"	"Ranked # 1___Ranked # 1 Mga palabas na kawing ""LATEST MARIAN RIVERA NEWS and UPDATES"" Marian Rivera Nagmamahal kay Marian website"	-39	2
http://fi.wikipedia.org/wiki/McLaren		McLarenin saavutukset Formula 1 -sarjassa	1	Runko/Moottori Renkaat	M4B M5A BRM V8 BRM V12 G___M5A M7A BRM V12 Ford Cosworth V8 G___M7A M7B M7C M9A Ford Cosworth V8 G___M7D M14A M14D Ford Cosworth V8 Alfa Romeo V8 G___M14A M19A Ford Cosworth V8 G___M19A M19C Ford Cosworth V8 G___M19A M19C M23 Ford Cosworth V8 G___M23 Ford Cosworth V8 G___M23 Ford Cosworth V8 G___M23 M26 Ford Cosworth V8 G___M23 M26 Ford Cosworth V8 G___M26 Ford Cosworth V8 G___M26 M28 M28B M28C M29 Ford Cosworth V8 G___M29B M29C M30 Ford Cosworth V8 G___M29C M29F MP4 Ford Cosworth V8 M___MP4B Ford Cosworth V8 M___MP4/1C MP4/1E Ford Cosworth V8 Ford Cosworth V8 TAG V6 T M___M___MP4/2B TAG V6 T G___MP4/2C TAG V6 T G___MP4/3 TAG V6 T G___MP4/4 Honda V6 T G___MP4/5 Honda V10 G___MP4/5B Honda V10 G___MP4/6 Honda V12 G___MP4/6B MP4/7A Honda V12 Honda V12 G___MP4/8 Ford V8 G___MP4/9 Peugeot V10 G___MP4/10 Mercedes V10 G___MP4/11 Mercedes V10 G___MP4/12 Mercedes V10 Mercedes V10 G___MP4/13 Mercedes V10 B___MP4/14 Mercedes V10 B___MP4/15 Mercedes V10 B___MP4-16 Mercedes V10 B___MP4-17 Mercedes V10 M___MP4-17D Mercedes V10 Mercedes V10 M___MP4-19 Mercedes V10 M___MP4-20 Mercedes V10 M___MP4-21 Mercedes V8 M___MP4-22 Mercedes V8 B___MP4-23 Mercedes V8 B___MP4-24 Mercedes V8 B___MP4-25 Mercedes V8 B___MP4-26 Mercedes V8 P___MP4-27 Mercedes V8 P___MP4-28 Mercedes V8 P	MP4-28 Mercedes V8 P___MP4/1C MP4/1E Ford Cosworth V8 Ford Cosworth V8 TAG V6 T M	-27.32608696	0
http://fr.wikipedia.org/wiki/S-Bahn_Zurich		R??seau	1	Lignes	S 22 S 26 S 29 S 30 S 33 S 35 S 41 SN 3 SN___S 4 S 10 SN 4___S 13 S 40___S 17___S 18 SN 18	S 18 SN 18___S 22 S 26 S 29 S 30 S 33 S 35 S 41 SN 3 SN	-26	2
http://en.wikipedia.org/wiki/List_of_the_most_distant_astronomical_objects	Examples	List of objects by year of discovery that turned out to be most distant	5	First record by (1)	Giovanni Battista Hodierna___Charles Messier___William Herschel___Dreyer, Herschel___Maarten Schmidt, Bev Oke___Rudolph Minkowski___Krimm, H. et al.___R Bouwens et al.,A. Bunker et al., R. McLure et al.___G. Illingworth, R. Bouwens, et al."	"Dreyer, Herschel___R Bouwens et al.,A. Bunker et al., R. McLure et al."	-28	2
http://nl.wikipedia.org/wiki/Lijst_van_rijksmonumenten_in_Houtigehage		Kortehemmen	2	Bouwjaar	13e eeuw (kerk) 1620 (oostgevel kerk) 1750 (klok in klokkenstoel) 1950 (renov. klokkenstoel)___1718	13e eeuw (kerk) 1620 (oostgevel kerk) 1750 (klok in klokkenstoel) 1950 (renov. klokkenstoel)___1718	-34	0
http://en.wikipedia.org/wiki/Chiefs_of_Clan_Munro		Chiefs	2	Notes	Deputy Lieutenant & J.P. for Ross-shire.___Of the Munro of Culrain branch, descended from John Munro, 2nd of Obsdale and Chief Robert Mor Munro 15th Baron of Foulis. Married Amelia, daughter of Frederick Browne.___End of direct line. Married Jane, daughter of Alexander Law.___Rebuilt Foulis Castle after a fire destroyed it - MP for Ross-shire 1746 - 47. Married Anne, daughter of Hugh Rose of Kilravock.___Colonel in the Black Watch - killed at Falkirk, interred in the Churchyard of Falkirk next to Sir John Graham. Married Mary, daughter of Sir Henry Seymour of Woodlands.___The Blind Baron. Married Jean, daughter of John Forbes of Culloden.___The Presbyterian Mortar Piece. Married Agnes, daughter of Sir Kenneth MacKenzie.___Great-grandson of Chief Robert-Mor Munro, 15th Baron of Foulis and eldest surviving son of Col John Munro, 2nd of Obsdale."	"The Presbyterian Mortar Piece. Married Agnes, daughter of Sir Kenneth MacKenzie.___Of the Munro of Culrain branch, descended from John Munro, 2nd of Obsdale and Chief Robert Mor Munro 15th Baron of Foulis. Married Amelia, daughter of Frederick Browne."	-43.65217391	0
http://en.wikipedia.org/wiki/The_New_Adventures_of_Gilligan		Episode list	1	Title	""Looney Moon""___""Raven Mad""___""Father of His Island""___""Wrong Way Robot (a.k.a. Yeah, Would You Want Your Sister to Marry One?)""___""Opening Night""___""Lollipop Casserole""___""The Loners""___""The Ego Trip (a.k.a. Kon-Tackly)""___""The Olympiad""___""Their Own Image""___""The Disappearing Act""___""A Sinking Feeling""___""Reluctant Hero""___""The Same Old Dream""___""Sputtering Eagle"""	"Sputtering Eagle___""Wrong Way Robot (a.k.a. Yeah, Would You Want Your Sister to Marry One?)"""	-40	2
http://en.m.wikipedia.org/wiki/Elections_in_the_United_States	Basic rotation of U.S. general elections (fixed-terms only)	Comparison of recent and upcoming election yearsEdit	5	2016	Class III (34 seats)___All 435 seats___11 statesDE, IN, MO, MT, NH, NC, ND, UT, VT, WA, WV"	"Class III (34 seats)___11 statesDE, IN, MO, MT, NH, NC, ND, UT, VT, WA, WV"	-27.65217391	2
http://en.wikipedia.org/wiki/Food_Paradise		List of Restaurants by Episode	2	Specialty(s)	home-style cake donuts, honey-dipped donuts, giant coffee rolls___50 foot ceremic dounut-shaped sign, glazed, sugar and chocolate raised donuts___""Spudnuts""-potato flour donuts, ""Nutty Spuddy"", ""Spufins""-potato flour muffins___""Voodoo Doughnut""-raspberry jam-filled voodoo doll-shaped doughnut, ""Bacon Maple Bars"", ""Dirt Doughnuts"", bubblegum doughnuts, ""Dirty Snowball"", ""Memphis Mafia""___old-fashioned spice cake doughnuts, maple doughtnuts, ""Rainbow Doughnuts"", ""Pink Feather Boa""-pink icing with coconut___designer gourmet doughnuts, glazed doughnuts with edible flowers, raspberry glaze, doughnut jelly square, pistachio nut glaze"	"designer gourmet doughnuts, glazed doughnuts with edible flowers, raspberry glaze, doughnut jelly square, pistachio nut glaze___""Voodoo Doughnut""-raspberry jam-filled voodoo doll-shaped doughnut, ""Bacon Maple Bars"", ""Dirt Doughnuts"", bubblegum doughnuts, ""Dirty Snowball"", ""Memphis Mafia"""	-31.30434783	0
http://en.wikipedia.org/wiki/Mid-American_Conference		Member schools	9	Current Conference	SEC (men's soccer in C-USA)___American (field hockey in Big East; all sports to ACC in 2014)___American___American___WAC___C-USA	American___American (field hockey in Big East; all sports to ACC in 2014)	-27	2
http://en.m.wikipedia.org/wiki/List_of_Intel_microprocessors		Intel 806xx product codesEdit	1	Marketing name(s)	Xeon 55xx___Itanium 93xx___Xeon 65xx, Xeon 75xx___Core i5-7xx, Core i7-8xx, Xeon 34xx___canceled___Core i7-7xx QM, Core i7-8xx QM, Core i7-9xx XM___canceled___Atom Z6xx___Atom N400, D400, D500___canceled___Xeon C35xx, Xeon C55xx___Core i7-9xxX, Xeon 36xx___Xeon 56xx___Xeon E7-28xx, Xeon E7-48xx, Xeon E7-88xx___Pentium G6xxx, Core i3-5xx, Core i5-6xx___Core i5-5xx, Core i7-6xxM/UM/LM___Atom E6x0___Core i7-3xxx___Xeon E5-24xx___Xeon E5-16xx, Xeon E5-26xx, Xeon E5-46xx______Xeon E3-xxxx, Core i3/i5/i7-2xxx, Pentium Gxxx, Xeon E3-12xx___Core i3/i5/i7-2xxxM, Pentium Bxxx, Celeron Bxxx___Itanium 95xx___Atom E6x5C___Core i5/i7-3xxx, Xeon-E3___Mobile Core i5/i7-3xxxM___Atom Z24xx___Atom D2xxx, Atom N2xxx___Core i5/i7 - 4xxx___Xeon Phi___Atom Z27xx"	"Xeon E5-24xx___Xeon E3-xxxx, Core i3/i5/i7-2xxx, Pentium Gxxx, Xeon E3-12xx"	-32	2
http://en.wikipedia.org/wiki/Mandy_Ventrice		Collaborations	1	Album	Hello World - Hello Kitty Featured vocalist on ""Be Yourself""; track 3 of the album The first full length musical album for the Hello Kitty franchise Release Date: October 7, 2008 Label: Lakeshore Records___Let Loose - Ian Carey Featuring Mandy Ventrice Featured vocalist for dance/house DJ, Ian Carey Release Date: June 1, 2010 Label: Spinnin Records___Love - Exes of Evil Featured on ""Cheater Cheater""; track 2 of the album First record release for pop band, Exes of Evil Release Date: June 15, 2010___Teflon Don - Rick Ross Performed sample/background vocals on ""Live Fast Die Young""; track 5 of the album Produced by Kanye West Release Date: July 20, 2010 Label: The Island Def Jam Music Group___Forever - Kindervater Featured vocalist on Lovephobia, track 7 of the album Release Date: September 16, 2010 Label: YAWA Recordings___The Annual 2011 - Ministry of Sound Featured vocalist on Let Loose, by Ian Carey, track 8, disc 1 Release Date: November 9, 2010 Label: Ministry of Sound America___Delirious EP - Michael Mind Project Featuring Mandy Ventrice & Carlprit Featured vocalist Release Date: November 19, 2010 Label: Track by Track Records___909s & Valentines EP - Exes Of Evil Featuring Mandy Ventrice Featured vocalist Release Date: February 14, 2011 Label: EXOE Music___909s & Valentines EP - Exes Of Evil Featuring Mandy Ventrice Featured vocalist Release Date: February 14, 2011 Label: EXOE Music___Dance With Me EP - Riz Featuring Pitbull Performed background vocals Release Date: April 3, 2011 Label: iRIZistible Music/Starkid Inc.___Knight Rider - Tito Deville Band Featuring Mandy Ventrice Featured vocalist Release Date: July 24, 2011 Label: Tito Deville Band___Watch the Throne - Jay-Z & Kanye West Performed sample/background vocals on ""Why I Love You"" featuring Mr. Hudson; track 12 of the album Release Date: August 12, 2011 Label: Roc-A-Fella Records___November Skies (11-11-11) (Single) - Lea Composed & Performed background vocals Release Date: October 13, 2011 Label: G-Note Records___Psychopath (Single) - Fred Pellichero Featuring Mandy Ventrice Composer/Vocal Producer Featured Vocalist Release Date: April 17, 2012 Label: Dipiu S.r.l.___Human (Single) - Dim Chris Featuring Mandy Ventrice Composer/Vocal Producer Featured Vocalist Release Date: March 4th, 2013 Label: DJ Center Records___Your Love Gets Me High (Single) - Alex Gaudino Featuring Mandy Ventrice Vocal Producer Featured Vocalist Release Date: March 12th, 2013 Label: Ultra Records___Take The House (Single) - D.One Featuring Mandy Ventrice & Bubba Sparxxx Vocal Producer Featured Vocalist Co-writer Release Date: July 23rd, 2013 Label: Upscale Records"	"Delirious EP - Michael Mind Project Featuring Mandy Ventrice & Carlprit Featured vocalist Release Date: November 19, 2010 Label: Track by Track Records___Watch the Throne - Jay-Z & Kanye West Performed sample/background vocals on ""Why I Love You"" featuring Mr. Hudson; track 12 of the album Release Date: August 12, 2011 Label: Roc-A-Fella Records"	-33.97826087	0
http://en.wikipedia.org/wiki/The_Best_of_the_Waitresses_(1990_album)		Track listing	2	Source Album	_______________I Could Rule the World if I Could only Get the Parts (EP, Nov 1982); first appeared on A Christmas Record (compilation LP, Nov 1981)___I Could Rule the World if I Could only Get the Parts (EP, Nov 1982)_________Bruiseology (LP, May 1983)____________"	"I Could Rule the World if I Could only Get the Parts (EP, Nov 1982)___I Could Rule the World if I Could only Get the Parts (EP, Nov 1982); first appeared on A Christmas Record (compilation LP, Nov 1981)"	-27	0
http://de.wikipedia.org/wiki/Boeing_C-40		Technische Daten	1	Daten der C-40A	34,32 m___12,55 m___57.150 kg___61.000 kg___78.000 kg___18.000 kg___Passagierkonfiguration: 121 Passagiere Frachtkonfiguration: 8 Paletten Kombikonfiguration: 70 Passagiere, 3 Paletten___5 (Zwei Piloten, ein Besatzungschef, ein Lademeister, ein Lufttransportbegleiter)___990 km/h___12.500 m___5.600 km___Zwei CFM International CFM56-7 SLST-Mantelstromtriebwerke___121 kN je Triebwerk"	"12.500 m___Passagierkonfiguration: 121 Passagiere Frachtkonfiguration: 8 Paletten Kombikonfiguration: 70 Passagiere, 3 Paletten"	-28.32608696	2
http://en.wikipedia.org/wiki/List_of_The_Transformers_characters		Decepticons	2	First appearance	The Rebirth (Part 1)___Appears in The Rebirth (Part 1). First speaks in The Rebirth (Part 2).	The Rebirth (Part 1)___Appears in The Rebirth (Part 1). First speaks in The Rebirth (Part 2).	-27	2
http://it.wikipedia.org/wiki/Vita_del_legionario_romano		"Paga, indennit?? e durata"	0	Legione romana	immunis___principalis sesquiplicarius (= paga pari ad 1,5 volte) (Cornicen, Tesserarius e Beneficiarius)___principalis duplicarius (= paga pari a 2 volte) (Optio, Aquilifer, Signifer, Imaginifer, Vexillarius equitum, Cornicularius, Campidoctor)___principalis triplicarius (= paga pari a 3 volte) (Evocatus)___cavaliere legionario___centurione / decurione___centurione primo ordo___centurione primus pilus___praefectus castrorum___Tribunus angusticlavius___Tribunus laticlavius"	"centurione primus pilus___principalis duplicarius (= paga pari a 2 volte) (Optio, Aquilifer, Signifer, Imaginifer, Vexillarius equitum, Cornicularius, Campidoctor)"	-43	2
http://nl.wikipedia.org/wiki/Lijst_van_concessiegebieden_in_het_Nederlandse_openbaar_vervoer		Overzicht concessies per regio/verbinding	0	Concessie	Rivierenland___Achterhoek - Rivierenland Busdiensten___Treindienst Arnhem - Tiel___Treindienst Arnhem - Winterswijk___Treindienst Zutphen - Winterswijk___Treindienst Zutphen - Apeldoorn___Achterhoek-Rivierenland treindiensten Arnhem - Tiel Arnhem - Winterswijk Zutphen - Winterswijk Zutphen - Apeldoorn	Treindienst Zutphen - Apeldoorn___Achterhoek-Rivierenland treindiensten Arnhem - Tiel Arnhem - Winterswijk Zutphen - Winterswijk Zutphen - Apeldoorn	-29	2
http://nl.wikipedia.org/wiki/Lijst_van_concessiegebieden_in_het_Nederlandse_openbaar_vervoer		Overzicht concessies per regio/verbinding	0	Concessie	Treindienst Gouda - Alphen aan den Rijn (Treinseries 9500 en 19500 tussen Alphen a/d Rijn en Gouda)___Extra spitsdiensten trein Alphen aan den Rijn - Leiden (Treinserie 19500 tussen Alphen a/d Rijn en Leiden)___OV over water Rotterdam - Drechtsteden___OV over water Rotterdam - Drechtsteden	OV over water Rotterdam - Drechtsteden___Treindienst Gouda - Alphen aan den Rijn (Treinseries 9500 en 19500 tussen Alphen a/d Rijn en Gouda)	-32.32608696	0
http://en.wikipedia.org/wiki/Less_(Unix)		Usage	1	Command	Previous Page___Next Line___Previous Line___First Line___Last Line___Line <n>___Forward Search for <text>. Text is interpreted as a regex.___Backward Search like /___Next Search Match___Previous Search Match___Turn off Match Highlighting (see -g command line option)___Toggle option <c>, e.g., -i toggles option to match case in searches___Set Mark <c>___Go to Mark <c>___File information___Help. This is presented with less, q to quit.___Quit"	"Last Line___Toggle option <c>, e.g., -i toggles option to match case in searches"	-28	2
http://en.wikipedia.org/wiki/Prince_Albert_(Glass_Field)_Airport		Airlines and destinations	1	Destinations	Fond-du-lac, Fort McMurray, La Ronge, Points North, Saskatoon, Stony Rapids, Uranium City, Wollaston___Charters for staff working at Northern minesites for Cameco and AREVA"	"Fond-du-lac, Fort McMurray, La Ronge, Points North, Saskatoon, Stony Rapids, Uranium City, Wollaston___Charters for staff working at Northern minesites for Cameco and AREVA"	-27	0
http://en.m.wikipedia.org/wiki/Gasoline		Comparison with other fuelsEdit	0	Fuel type	Autogas (LPG) (Consisting mostly of C2 to C4 range hydrocarbons)[citation needed]___Ethanol___Methanol___Butanol___Gasohol___Diesel(*)	Gasohol___Autogas (LPG) (Consisting mostly of C2 to C4 range hydrocarbons)[citation needed]	-30	2
http://en.wikipedia.org/wiki/Connie_%26_Clyde_%E2%80%93_Hit_Songs_of_the_30s		Track listing	1	Title	""You Oughta Be In Pictures""___""Ace in the Hole""___""Golddiggers Medley: With Plenty Of Money And You/ We're In The Money""___""Just a Gigolo""___""Button Up Your Overcoat"""	"Button Up Your Overcoat___""Golddiggers Medley: With Plenty Of Money And You/ We're In The Money"""	-28	2
http://en.wikipedia.org/wiki/Supporters_Direct		Competitions	2	Scorers	Burton, Peters___Crace___Brown, Torpey___Edmunds___Connell, Elder___Judge, Rapson___Brown, Meechan___Ormrod, Brown___Kirby, Hope (2)___Wallace, Hope (2), Campbell (2), Osei, O'Brien, Green"	"Ormrod, Brown___Wallace, Hope (2), Campbell (2), Osei, O'Brien, Green"	-26	2
"http://en.m.wikipedia.org/wiki/List_of_people_from_Youngstown,_Ohio"		BusinessEdit	2	Notes	Co-owner of the Ohio Steel Company, one of Youngstown's earliest steel manufacturers, and founder of the Butler Institute of American Art; lived in Youngstown___Pioneer in construction of strip malls and enclosed malls, including the Eastwood Mall, born on Youngstown's East Side___Presumed model for the Cream of Wheat trademark, lived and died in Youngstown___Co-founder of Youngstown Sheet and Tube Company; Campbell, Ohio, was named in his honor___Played a pioneering role in the development of the modern shopping mall; born and raised in Youngstown___Developed iconic advertising campaigns of the 1960s, youngest person inducted into the Copywriter's Hall of Fame, born in Youngstown___Co-founded the Phar-Mor discount drug chain, which had 200 outlets across the country before its dissolution in the early 1990s; born in Youngstown___Co-founded Packard Motor Car Company, from Youngstown-Warren area___One of the first African-American female pharmacists in the United States; resided in Youngstown___Organized the Youngstown Sheet and Tube Company with James A. Campbell, among prominent figures who perished during the sinking of the Titanic on its maiden voyage___Celebrated Harlem-based limousine service whose clients included Fidel Castro, Gertrude Lawrence, and Richard Nixon; raised in Youngstown"	"Played a pioneering role in the development of the modern shopping mall; born and raised in Youngstown___Co-owner of the Ohio Steel Company, one of Youngstown's earliest steel manufacturers, and founder of the Butler Institute of American Art; lived in Youngstown"	-28.32608696	0
http://fa.wikipedia.org/wiki/%D9%85%D9%82%D8%A7%DB%8C%D8%B3%D9%87_%D9%86%D8%B1%D9%85%E2%80%8C%D8%A7%D9%81%D8%B2%D8%A7%D8%B1%D9%87%D8%A7%DB%8C_%D9%85%D8%AF%DB%8C%D8%B1%DB%8C%D8%AA_%D8%AF%D8%A7%D9%86%D9%84%D9%88%D8%AF			2	???????????? / ?????? (????????)	1.1 (2008-01-18)___5.21 (2007-06-14)___1.0 (2004-04-29)___8.5.1.6___2.5.7.1___1.9___5.0.4.0___1.0.3 (2008-06-09)___0.4___1.7.0.0___1.9.6.1073___2.5.758___8.02 (2008-05-20)___1.2___6.3e (2008-06-24)___1.0.0.23___5.01 (2008-02-01)___2.7.5 (Mac, 2008-05-19) 2.5 (Win, 2007-10-24)___5.6 (2008-02-05)___5.12.10.0 (2008-05-05)___2.1 (2008-07-29)___3.2.661___2.3.0___4.1 (2008-07-27)___2.63.415 (2008-05-10)___2.7.2___3.4.265 (Pro) 2.3.266 BETA (Junior) 5.2.327 (Deluxe)___1.3 (2008-07-21)___5.0.5 (2008-07-12)___0.82___0.6.0 (2007-03-11)"	1.3 (2008-07-21)___3.4.265 (Pro) 2.3.266 BETA (Junior) 5.2.327 (Deluxe)	-26.65217391	2
http://pt.wikipedia.org/wiki/Copa_Mustang		T??tulos por clube	3	Vices	7 (1960, 1969, 1987, 1991, 1995, 1999 e 2008-I)___10 (1955, 1965, 1971, 1974, 1988, 1990, 1992, 2002-I, 2004-I e 2004-II)___12 (1949, 1962, 1968, 1972, 1976, 1977, 1978, 1980, 1985, 1986, 2003-II e 2006-I)___6 (1948, 1970, 1983, 2000, 2003-I e 2009-I)___4 (1963, 1979, 2005-I e 2013-I)___7 (1959, 1961, 1966, 1993, 2001, 2008-II e 2012-II)___2 (1998 e 2011-II)___5 (1957, 1981, 1982, 2006-II e 2010-II)___2 (1953 e 1954)___2 (2002-II e 2012-I)___1 (1964)___0___0___3 (2007-II, 2010-I e 2011-I)___2 (2007-I e 2009-II)___1 (1997)___1 (2005-II)"	"2 (2007-I e 2009-II)___12 (1949, 1962, 1968, 1972, 1976, 1977, 1978, 1980, 1985, 1986, 2003-II e 2006-I)"	-31	2
http://en.wikipedia.org/wiki/Visa_requirements_for_Armenian_citizens		Oceania	1	Conditions of access	30 days [91]___30 days [92]___30 days [93]___60 day visa on arrival for 75 PGK for tourists, other visitors' fees varying 50-750 PGK) [94] [95]___14 days visa-free stay, landing fee of US$ 35 payable on arrival [96] [97]___60 days [98]___1 month [99]"	"60 days [98]___60 day visa on arrival for 75 PGK for tourists, other visitors' fees varying 50-750 PGK) [94] [95]"	-37	2
http://en.wikipedia.org/wiki/Arabian_Knights		Episodes	2	Summary	After saving Prince Raji, the Arabian Knights go to help his father, the Caliph of El Rabal. Vangore takes the Caliph to Baghdad just as they attack his camp. The Arabian Knights slip into the city, rescue the Caliph and escape after a fight with Vangore.___Vangore lures Raseem into captivity so that he can lure the Arabian Knights to Bakaar. Nida and Zazuum save the others from execution and they all attack Bakaar and escape Baghdad.___Bakaar sends Vangore to steal the gold from the local treasury to pin it on the Arabian Knights. The Arabian Knights follow the caravan to a mountain where they fight Vangore's men and take back the gold to Baghdad.___The evil wizard Ramnizar captures the Arabian Knights save Nida and Zazuum. The Arabian Knights escape the catacombs and try to steal Ramnizar's spell book. After much fighting, the Arabian Knights allow Ramnizar to go free to claim Bakaar's reward.___Nida is kidnapped by raiders on flying horses. The Arabian Knights are attacked by giant bats, but they fight them back and manage to infiltrate the Sky Raiders' fortress. Finally they capture the Sky Raiders along with their stolen treasure.___When Bez brings news of Bakaar holding a contest for the strongest man, Raseem cannot help but take that bait getting him and Turhan captured. The Arabian Knights stealthily infiltrate the camp and deliver to Bakaar a humiliating loss.___Vangore captures Queen Sahira and her son Ahmed to lure the Arabian Knights into a trap. Raseem and Bez quietly dispose of the guards to free the others and banish Vangore and his forces from the palace.___Avadon the Sultan of Darkness takes away the city of Kilivad from its Caliph. Avadon has the Arabian Knights trapped in his kingdom, but using a donkey trick, the Arabian Knights cast light on Avadon's amulet, rendering his power useless.___The ruler Chiroz has means to take Nida to become his empress by force. The Arabian Knights follow to the city of Abadon and battle Chiroz and his men until he gives up.___Vangore steals the crown of Erabee for Bakaar. The Arabian Knights reclaim the crown before the coronation ceremony takes place. They thwart Vangore's every efforts to retake the crown and give to him a fake crown.___Vangore is intent on destroying Jiwara with a brass siege elephant. The war machine seems to be unstoppable for the Arabian Knights. Turhan, Bez and Raseem penetrate the elephant and control to move off a cliff.___The Arabian Knights go undercover to Bakaar's town fair. Each event the Arabian Knights win brings more rebellion against Bakaar, especially the horse race. Their cover is blown, but the Arabian Knights fight Bakaar's forces and distribute the gold.___Vangore overwhelms and captures Nida and Raseem with his land pirate ship. The remaining Arabian Knights mislead Vangore to Nazir where they ambush him and burn his ship down to explode, leaving him with only an ice diamond.___Vangore has ransacked Joowar and stolen its magical jewels. Turhan and Raseem are caught trying to retrieve the jewels, but the Arabian Knights release them and proceed to fight off Vangore.___The Arabian Knights foil Vangore's plunder but not without losing Zazuum to him. Sunder impersonates Zazuum to find the Arabian Knights' hideout. Sunder's disguise doesn't go unnoticed and the Arabian Knights repel Bakaar's attack while Zazuum returns.___With Vangore out to kidnap Princess Tasmin, Nida takes her place, getting herself and Zazuum captured. They both escape and with the rest of the Arabian Knights fight off Bakaar's guards and take Bakaar prisoner.___Prince Camil visits Baghdad unaware it is under Bakaar's rule and gets trapped in a pyramid. Fahriek provides the access to enter the pyramid. After going through the labyrinth and rescuing the prince, everyone escapes the place."	"Vangore captures Queen Sahira and her son Ahmed to lure the Arabian Knights into a trap. Raseem and Bez quietly dispose of the guards to free the others and banish Vangore and his forces from the palace.___After saving Prince Raji, the Arabian Knights go to help his father, the Caliph of El Rabal. Vangore takes the Caliph to Baghdad just as they attack his camp. The Arabian Knights slip into the city, rescue the Caliph and escape after a fight with Vangore."	-30.32608696	0
http://nl.wikipedia.org/wiki/Lijst_van_landen_in_1934		Niet-onafhankelijke gebieden	1	Status	Afhankelijk gebied___Vazalstaat: Staat Mantsjoekwo (tot 1 maart) Vazalstaat: Groot Keizerrijk Mantsjoekwo (vanaf 1 maart)___Afhankelijk gebied___Mandaatgebied	Afhankelijk gebied___Vazalstaat: Staat Mantsjoekwo (tot 1 maart) Vazalstaat: Groot Keizerrijk Mantsjoekwo (vanaf 1 maart)	-34	2
http://en.wikipedia.org/wiki/Primary_nursing			1	Functional Nursing	Nursing assignments are task-based, nurses are assigned to tasks rather than patients.___Communication is hierarchical; task completion is documented and communicated to the charge nurse; the charge nurse pulls information together for all patients and communicates with other members of the health care team.___Mangers function as overseers, assuring that tasks are accomplished."	"Nursing assignments are task-based, nurses are assigned to tasks rather than patients.___Communication is hierarchical; task completion is documented and communicated to the charge nurse; the charge nurse pulls information together for all patients and communicates with other members of the health care team."	-39.65217391	0
http://en.wikipedia.org/wiki/List_of_Orthodox_churches_in_Toronto		Canonical Orthodox Churches	1	Location	Discovery District___Riverdale, Toronto c/o 11 Braeburn Avenue, Toronto - Etobicoke, ON M9P 2J2___Wexford, Toronto c/o 18 Parkview Avenue, #1509 Toronto, ON M2N 7H7___Newtonbrook c/o 178 High Park Avenue Toronto, ON M6P 2S4___Eringate-Centennial-West Deane c/o 178 High Park Avenue Toronto, ON M6P 2S4___The Annex c/o 178 High Park Avenue, Toronto, ON M6P 2S4"	"The Annex c/o 178 High Park Avenue, Toronto, ON M6P 2S4___Discovery District"	-30	2
http://en.wikipedia.org/wiki/2007_Jacksonville_Jaguars_season	2007 Jacksonville Jaguars Draft Day Trades	Offseason	3	Received	Received Ravens' 2007 fourth round pick (101 overall), 2007 fifth round pick (166 overall), and 2007 sixth round pick (203 overall)___Received Falcons' 2007 fifth round pick (149 overall)"	"Received Ravens' 2007 fourth round pick (101 overall), 2007 fifth round pick (166 overall), and 2007 sixth round pick (203 overall)___Received Falcons' 2007 fifth round pick (149 overall)"	-32	0
http://de.wikipedia.org/wiki/Hexode		Bezeichnungsschemata	1	Heizspannung	800 mV; 1 V; 1,2 V; 1,4 V; 1,5 V___2 V; 2,2 V; 2,4 V___3,15 V___4 V; 4,2 V; 4,4 V___5 V___6 V; 6,3 V___7 V___9 V___10 V___12 V; 12,6 V___13 V___17 V___18 V___20 V___25,2 V___30 V"	"9 V___800 mV; 1 V; 1,2 V; 1,4 V; 1,5 V"	-27	2
http://en.wikipedia.org/wiki/Athletics_at_the_1974_Asian_Games		Medal summary	3	Bronze	He Zufen China (CHN)___Nobuko Kawano Japan (JPN)___Miyako Inoue Japan (JPN)___Yang Yanying China (CHN)___Toshimi Hayashida Japan (JPN)___China (CHN)___Singapore (SIN) Glory Barnabas Lee Tai Jong Maimoon Bakar Azlan Chee Swee Lee___Mikiko Sone Japan (JPN)___Kang Yueli China (CHN)___Gao Yukui China (CHN)___Dashzevegiin Namjilmaa Mongolia (MGL)___Mieko Takasaka Japan (JPN)___Sun Yuxiang China (CHN)	Sun Yuxiang China (CHN)___Singapore (SIN) Glory Barnabas Lee Tai Jong Maimoon Bakar Azlan Chee Swee Lee	-27.65217391	2
"http://en.m.wikipedia.org/wiki/List_of_people_from_Youngstown,_Ohio"		ScienceEdit	2	Notes	Graduate of Youngstown State University___Best known as co-discoverer of Comet Hale-Bopp in 1995, graduate of Youngstown State University"	"Graduate of Youngstown State University___Best known as co-discoverer of Comet Hale-Bopp in 1995, graduate of Youngstown State University"	-26	0
http://en.wikipedia.org/wiki/Visa_requirements_for_Guatemalan_citizens		Visa-free and visa-on-arrival travel	1	Allowed Stays	Visa on Arrival [56]___Visa on Arrival (10 days for 3,000 Djiboutian franc, 1 month for 5,000 Djiboutian franc) [57]___Visa on Arrival (1 month for $15) [58]___Visa on Arrival (3 months for $50) [59]___Visa on Arrival (90 days for 140,000 Malagasy ariary) [60]___90 days [61]___30 visa issued on Arrival ($25) [62]___3 months [63]___1 month [64]___Visa on Arrival ($50) [65]___Visa on Arrival (7 days, fee 10,000 XOF) [66]___Visa on Arrival ($30) [67]___Visa on Arrival ($25) [68]"	"Visa on Arrival ($25) [68]___Visa on Arrival (10 days for 3,000 Djiboutian franc, 1 month for 5,000 Djiboutian franc) [57]"	-29.32608696	2
http://pt.wikipedia.org/wiki/Delta_Goodrem		Filmografia	2	Papel	Convidada Especial ""Little Lies: Part 1"" ""Little Lies: Part 2""___Mentora"	"Convidada Especial ""Little Lies: Part 1"" ""Little Lies: Part 2""___Mentora"	-31	2
http://de.wikipedia.org/wiki/Core_i5			0	<< Intel Core i	Sockel: LGA 1156 (H1) LGA 1155 (H2) LGA 1150 (H3) LGA 1366 LGA 2011 PGA 988A (G1) PGA 988B (G2) BGA 1023 BGA 1224 BGA 1288___Namen der Prozessorkerne: Bloomfield Lynnfield Clarksfield Clarkdale Arrandale Gulftown Sandy Bridge Ivy Bridge Haswell	Sockel: LGA 1156 (H1) LGA 1155 (H2) LGA 1150 (H3) LGA 1366 LGA 2011 PGA 988A (G1) PGA 988B (G2) BGA 1023 BGA 1224 BGA 1288___Namen der Prozessorkerne: Bloomfield Lynnfield Clarksfield Clarkdale Arrandale Gulftown Sandy Bridge Ivy Bridge Haswell	-42.32608696	0
http://en.wikipedia.org/wiki/Newton_Exchange		Routes	2	Notes	Service between Scottsdale and Newton Exchange discontinued. See ""319 Scott Road Station / Newton Exchange""___Weekday peak hours only"	"Service between Scottsdale and Newton Exchange discontinued. See ""319 Scott Road Station / Newton Exchange""___Weekday peak hours only"	-34	0
http://en.wikipedia.org/wiki/List_of_music_featured_on_Doctor_Who		"Songs, classical music and popular tunes"	3	Notes	Heard as part of the ""broadcast"" of the French rugby team's victory over the British, before Yates and Benton return to the BBC coverage of the dig at Devil's End.___Electric Banana was an alias for The Pretty Things. Played at Jo Grant and Professor Clifford Jones's party."	"Heard as part of the ""broadcast"" of the French rugby team's victory over the British, before Yates and Benton return to the BBC coverage of the dig at Devil's End.___Electric Banana was an alias for The Pretty Things. Played at Jo Grant and Professor Clifford Jones's party."	-28.32608696	0
http://fr.wikipedia.org/wiki/Championnat_du_monde_des_voitures_de_sport_1990		R??sultats de la saison	3	Moteur	Jaguar JV6 3.5L Turbo V6___Nissan VRH35Z 3.5L Turbo V8 Nissan VRH35Z 3.5L Turbo V8 Nissan VRH35Z 3.5L Turbo V8___Ford Cosworth DFR 3.5L V8___Porsche Type-935 3.2L Turbo Flat-6___Porsche Type-935 3.0L Turbo Flat-6 Porsche Type-935 3.0L Turbo Flat-6___Porsche Type-935 3.0L Turbo Flat-6___Toyota R36V 3.6L Turbo V8 Toyota R36V 3.6L Turbo V8___Porsche Type-935 3.0L Turbo Flat-6	Porsche Type-935 3.0L Turbo Flat-6___Nissan VRH35Z 3.5L Turbo V8 Nissan VRH35Z 3.5L Turbo V8 Nissan VRH35Z 3.5L Turbo V8	-34.65217391	0
http://en.wikipedia.org/wiki/Tool_steel		Cold-working types	2	Notes	This type of tool steel air-hardens at a relatively low temperature (approximately the same temperature as oil-hardening types) and is dimensionally stable. Therefore it is commonly used for dies, forming tools, and gauges that do not require extreme wear resistance but do need high stability.___This grade contains a uniform distribution of graphite particles to increase machinability and provide self-lubricating properties. It is commonly used for gauges, arbors, shears, and punches."	"This type of tool steel air-hardens at a relatively low temperature (approximately the same temperature as oil-hardening types) and is dimensionally stable. Therefore it is commonly used for dies, forming tools, and gauges that do not require extreme wear resistance but do need high stability.___This grade contains a uniform distribution of graphite particles to increase machinability and provide self-lubricating properties. It is commonly used for gauges, arbors, shears, and punches."	-41.32608696	0
http://en.wikipedia.org/wiki/Bishop_of_Dromore		List of bishops	2	Incumbent	See vacant___See vacant___Translated from Killaloe; nominated 26 April and; appointed by letters patent 16 May 1745; translated to Cork and Ross 27 August 1745.___Translated from Clonfert and Kilmacduagh; nominated 19 April; appointed by letters patent 7 May 1763; translated to Raphoe 25 August 1763.___Formerly Provost of Trinity College, Dublin; nominated 10 October; consecrated 17 November 1811; died 23 November 1811."	"Formerly Provost of Trinity College, Dublin; nominated 10 October; consecrated 17 November 1811; died 23 November 1811.___See vacant"	-42	0
http://en.wikipedia.org/wiki/Alexander_Shakalov		Programs	1	Original dance	Cha Cha Rhumba Samba___Charleston: Hallo, du suesse Klingelfee Slow Foxtrot: La Traviesa Quickstep: Dancing Fool"	"Cha Cha Rhumba Samba___Charleston: Hallo, du suesse Klingelfee Slow Foxtrot: La Traviesa Quickstep: Dancing Fool"	-26	2
http://en.wikipedia.org/wiki/Bad_Religion_discography		Albums	1	Title | AUS	Into the Unknown Released: November 30, 1983 Label: Epitaph Formats: LP, DD___Suffer Released: September 8, 1988 Label: Epitaph Formats: CD, LP, CS, DD___No Control Released: November 2, 1989 Label: Epitaph Formats: CD, LP, CS, DD___Against the Grain Released: November 23, 1990 Label: Epitaph Formats: CD, LP, CS, DD___Generator Released: March 13, 1992 Label: Epitaph Formats: CD, LP, CS, DD___Recipe for Hate Released: June 4, 1993 (original), September 21, 1993 (re-release) Label: Epitaph (original), Atlantic (re-release) Formats: CD, LP, CS, DD___The Gray Race Released: February 27, 1996 Label: Atlantic Formats: CD, LP, CS, DD___No Substance Released: May 5, 1998 Label: Atlantic Formats: CD, LP, CS, DD___The New America Released: May 9, 2000 Label: Atlantic Formats: CD, LP, CS, DD___The Process of Belief Released: January 22, 2002 Label: Epitaph Formats: CD, LP, CS, DD___The Empire Strikes First Released: June 8, 2004 Label: Epitaph Formats: CD, LP, DD___New Maps of Hell Released: July 10, 2007 Label: Epitaph Formats: CD, LP, DD___The Dissent of Man Released: September 28, 2010 Label: Epitaph Formats: CD, LP, DD___True North Released: January 22, 2013 Label: Epitaph Formats: CD, LP, DD"	"Against the Grain Released: November 23, 1990 Label: Epitaph Formats: CD, LP, CS, DD___Recipe for Hate Released: June 4, 1993 (original), September 21, 1993 (re-release) Label: Epitaph (original), Atlantic (re-release) Formats: CD, LP, CS, DD"	-33	0
http://de.wikipedia.org/wiki/Liste_der_Kreise_der_DDR		Liste	2	Ma??nahme; ggf. Sitz der Kreisverwaltung	N < Jena (t)___KV in Burg___KV in Genthin___N < Herzberg (t) und Torgau (t)___N < Herzberg (t), Luckenwalde (t), Wittenberg (t) und Zauch-Belzig (t)"	"N < Jena (t)___N < Herzberg (t), Luckenwalde (t), Wittenberg (t) und Zauch-Belzig (t)"	-28	2
http://en.wikipedia.org/wiki/List_of_newspapers_in_the_United_States?cf03800514=14F2DEC89!MjA0MDEwNzE4OmNvcnByYWRpdXNzc286WQYH0YTFAkGHz6jsB9t0yQ==		"The 50 states and Washington, D.C."	1	Area	Buffalo, Sheridan, Gillette, Kaycee, Story___Gillette, Recluse, Wright, Rozet, Savageton, Sleepy Hollow, Spotted Horse___Casper, Wyoming___Casper, Wyoming___Lovell, Wyoming___Pinedale, Wyoming___Pinedale, Wyoming___Rock Springs, Wyoming"	"Pinedale, Wyoming___Gillette, Recluse, Wright, Rozet, Savageton, Sleepy Hollow, Spotted Horse"	-26	2
http://en.wikipedia.org/wiki/Hip_dysplasia_(human)		Crowe classification	1	Description	The acetabulum shows abnormal development.___The acetabula is developed without a roof. A false acetabulum develops opposite the dislocated femur head position. The joint is fully dislocated.___The acetabulum is insufficiently developed. Since the femur is positioned high up on the pelvis this class is also known as ""high hip dislocation""."	The acetabula is developed without a roof. A false acetabulum develops opposite the dislocated femur head position. The joint is fully dislocated.___The acetabulum shows abnormal development.	-37	0
http://de.wikipedia.org/wiki/NHL_2007/08	Detroit Red Wings (1) ?€? Dallas Stars (5)	Stanley Cup Playoffs	2	Heimteam	1 S. Robidas (10:41)___5 P. Dazjuk (9:27) P. Dazjuk (15:50) J. Hudler (31:54) H. Zetterberg (41:38) P. Dazjuk (57:19)___1 H. Zetterberg (40:49)___2 T. Daley (9:21) J. Lundqvist (26:04)___4 K. Draper (3:45) P. Dazjuk (11:41) D. Drake (16:17) H. Zetterberg (23:11)	2 T. Daley (9:21) J. Lundqvist (26:04)___5 P. Dazjuk (9:27) P. Dazjuk (15:50) J. Hudler (31:54) H. Zetterberg (41:38) P. Dazjuk (57:19)	-36	0
http://en.wikipedia.org/wiki/Alexander_Shakalov		Programs	2	Free dance	Libertango by Astor Piazzolla___The Mask (film): Hi De Ho This Business of Love You Would Be My Baby Hey! Pachuco!	Libertango by Astor Piazzolla___The Mask (film): Hi De Ho This Business of Love You Would Be My Baby Hey! Pachuco!	-43	0
http://nl.wikipedia.org/wiki/MythBusters_(seizoen_4)		"Aflevering 67 ?€? ""Firearms Folklore"""	2	Notities	De kogel werd bij de testen of gestopt, of ketste af door de verschillende lagen van lenzen in het vizier.___De MythBusters bereikten het effect door te schieten op een kogel die was opgehangen aan een stellage. De kogels fuseerden inderdaad, maar de kans dat zoiets een keer plaatsvindt is nihil."	"De kogel werd bij de testen of gestopt, of ketste af door de verschillende lagen van lenzen in het vizier.___De MythBusters bereikten het effect door te schieten op een kogel die was opgehangen aan een stellage. De kogels fuseerden inderdaad, maar de kans dat zoiets een keer plaatsvindt is nihil."	-27.32608696	0
http://es.wikipedia.org/wiki/Demograf%C3%ADa_de_Paraguay		Evoluci??n demogr??fica	3	1900-1909	4.586___1.465___5.043___-___1.840 (1906-07) 634 (1914) 0 (1915-16) 1.658 (1917)___5.210 (1927)___-___-___-___7.115	7.115___1.840 (1906-07) 634 (1914) 0 (1915-16) 1.658 (1917)	-28	2
http://tg.wikipedia.org/wiki/%D0%A8%D0%B0%D0%B1%D0%BB%D0%BE%D0%BD:%D2%B6%D0%BE_%D1%80%D3%AF%D0%B8_%D1%85%D0%B0%D1%80%D0%B8%D1%82%D0%B0		Parameters	2	Description	latitude (decimal format; enter negative numbers for southern latitude)___latitude degrees___latitude minutes___latitude seconds___latitude: N = north (default), S = south___longitude (decimal format; enter negative numbers for western longitude)___longitude degrees___longitude minutes___longitude seconds___longitude: E = east (default), W = west___label text___label font size as a percentage (<100 = smaller, >100 = larger)___label position relative to the mark: left, right, top, bottom, none___label background color (background-color: {};)___marker image file name ([[Image: {}]])___marker size in pixels, omit px ([[Image: {}px]] font-size: {}px;)___map width - omit ""px"" or will stretch across page (image: {}px width: ({}+2)px;)___position of map on page: left, right, center, none (float: {}; clear: {};___border color or none (border: {};)___map caption; for no caption enter ""caption=""___alt text for map; used by screen readers, see WP:ALT___Alternative map file name ([[Image: {}]]), must use same border coordinates as the default map"	"border color or none (border: {};)___map width - omit ""px"" or will stretch across page (image: {}px width: ({}+2)px;)"	-26	0
http://en.wikipedia.org/wiki/List_of_Doctor_Who_audio_releases		Audio drama	5	Notes	An adaptation of Toby Hadoke's one-man show for BBC7___Spoof ""documentary"" from the Whatever Happened to ...? series of radio programmes. Released in the box set The BBC Radio Adventures___Side Two of this special Record Store Day release limited to 500 copies features a mini-adventure edited from this film's soundtrack___Featuring the I from the Eighth Doctor Adventures novel Seeing I"	"Featuring the I from the Eighth Doctor Adventures novel Seeing I___Spoof ""documentary"" from the Whatever Happened to ...? series of radio programmes. Released in the box set The BBC Radio Adventures"	-30	0
http://en.wikipedia.org/wiki/Trill_OG:_The_Epilogue		Track listing	1	Title	""Cake"" (featuring Big K.R.I.T., Pimp C and Lil Boosie)___""Fire"" (featuring Rick Ross, 2 Chainz & Serani)___""No Competition""___""Don't Play With Me""___""Gladiator""___""Stop Playin'"" (featuring Royce da 5'9'' & Redman)___""Triller""___""Dippin' & Swervin'""___""On One""___""The Legendary DJ Screw""___""Bye!"""	"On One___""Cake"" (featuring Big K.R.I.T., Pimp C and Lil Boosie)"	-27.32608696	2
http://en.wikipedia.org/wiki/Miss_Nederland_2011		Final Results	1	Contestant	Drenthe - Jill Lauren___Flevoland - Jill Duijves___Friesland - Mary-Anne Kammeron Gelderland - Pinar Arsland North Holland - Luna Voce	Flevoland - Jill Duijves___Friesland - Mary-Anne Kammeron Gelderland - Pinar Arsland North Holland - Luna Voce	-28	0
http://en.wikipedia.org/wiki/Lara_Cazalet		Filmography	2	Role	Flight attendant___Nikki - A Quiet Storm (2000)___Hildegaard Gruber - Hold My Hand (2002)___Fiona Mackenzie - Multistorey (Part One) (2003) - Multistorey (Part Two) (2003)___Rosie Fitzcarron - The Gongoozlers (2004)___Louise Mottram - Cowboys (2005) - Sisterly Feelings (2005)___Emily Shaw - The Hustler's News of the Day (2006)___Sally___Liv Till - Smash and Grab (Part One) (2009) - Smash and Grab (Part Two) (2009)	Hildegaard Gruber - Hold My Hand (2002)___Liv Till - Smash and Grab (Part One) (2009) - Smash and Grab (Part Two) (2009)	-29	0
http://en.wikipedia.org/wiki/Sons_of_the_Pioneers		Discography	1	Single | US	""No One to Cry To""___""Baby Doll""___""Blue Shadows on the Trail"" (with Roy Rogers), later adapted by Greg Ryder in the tape entitled ""Blue Shadows""___""My Best to You""___""The Ballad Of Davy Crocket""___""Cool Water""___""Ride Concrete Cowboy, Ride"" (with Roy Rogers)"	"No One to Cry To___""Blue Shadows on the Trail"" (with Roy Rogers), later adapted by Greg Ryder in the tape entitled ""Blue Shadows"""	-38	2
http://en.wikipedia.org/wiki/Offshore_concrete_structure		Major offshore concrete structures	2	Operator	Atlantic Richfield___Mobil___Shell___Elf___Shell___Elf___Elf___Shell___Elf___Mobil___Petrobras___Petrobras___Petrobras___TAQA Bratani___Chevron___Shell___Mobil___Amoco Canada___Phillips___Texaco___Texaco___Mobil___Global Marine___Statoil___Statoil___Norsk Hydro]___Statoil___Hamilton Bros___Phillips___Elf Congo___Shell___Saga___Statoil___Shell___Conoco___BP___Shell___Conoco___Norsk Hydro___Esso___Esso___Ampolex___Mobil___Amerada Hess___Shell___Sakhalin Energy Investment Company Ltd. (SEIC)___Sakhalin Energy Investment Company Ltd. (SEIC)___ExxonMobil___MPU Heavy Lifter (MPU filed for bankruptcy before completion, it was thereafter demolished)"	"Shell___MPU Heavy Lifter (MPU filed for bankruptcy before completion, it was thereafter demolished)"	-28	2
http://en.m.wikipedia.org/wiki/The_Next_Star		Season 5 (2012)Edit	2	Summary	The judges Tara Oram, Keshia Chante and Mark Spicoluk set off to find the top 13 with the host Adamo Ruggiero.___The judges Tara Oram, Keshia Chante and Mark Spicoluk set off to find the top 13 with the host Adamo Ruggiero.___The judges have found the top 13 and are now watching them perform to find the top 6. Brooklyn, Amer, Ryan, Darren, Grace and Issy are the top 6.___The top 6 choose their own song, style, dance moves and wardrobe.___Now the panel of experts choose the top 6's wardrobe, style, dance moves and song.___The panel of experts once again choose the top 6's wardrobe, style, dance moves and song. Plus, they film a commercial for the finale.___Grace, Brooklyn and Darren get together with their own producer to create their own single and music video.___Amer, Issy and Ryan get together with their own producer to create their own single and music video.___The top 6 create a group single called ""NOW"" and they film a music video for the song.___The judges, the host and the top 6 join together for the live finale with singing guest's Shawn Desman, Neverest and Cher Lloyd.___The gang are back in Toronto and Adamo makes sure that the judges and the top 6 aren't on the Naughty List. They also create one last group song for Christmas.___This episode follows Brooklyn as she just starts to get the fact that she WON THE NEXT STAR! It will premiere one of her new singles and music video."	"Amer, Issy and Ryan get together with their own producer to create their own single and music video.___The judges have found the top 13 and are now watching them perform to find the top 6. Brooklyn, Amer, Ryan, Darren, Grace and Issy are the top 6."	-32.32608696	0
http://fr.wikipedia.org/wiki/User_agent	Exemple	Exemples	2	User Agent	Mozilla/5.0 (compatible; Konqueror/3.5) KHTML/3.5.0 (like Gecko)___Mozilla/5.0 (compatible; Konqueror/4.1; Linux; X11) KHTML/4.1.3 (like Gecko) Fedora/4.1.3-3.fc10___Mozilla/5.0 (compatible; Konqueror/4.2; Linux; X11) KHTML/4.2.1 (like Gecko) Fedora/4.2.1-4.fc10___Mozilla/5.0 (X11; Linux i686) AppleWebKit/533.3 (KHTML, like Gecko) konqueror/4.6.80 Safari/533.3___Mozilla/5.0 (X11; U; Linux i686; fr-FR) AppleWebKit/533.3 (KHTML, like Gecko) konqueror/4.6.80 Safari/533.3"	"Mozilla/5.0 (compatible; Konqueror/4.2; Linux; X11) KHTML/4.2.1 (like Gecko) Fedora/4.2.1-4.fc10___Mozilla/5.0 (X11; U; Linux i686; fr-FR) AppleWebKit/533.3 (KHTML, like Gecko) konqueror/4.6.80 Safari/533.3"	-26.60869565	0
http://pt.wikipedia.org/wiki/Ind%C3%BAstrias_Reunidas_Frateschi		Modelos produzidos	4	PINTURAS	MRS, C. Quintella, ALL e Brasil Ferrovias___Central, Cia Paulista (Fase I e II), RFFSA (Fase I) e FEPASA (Fase II e III)___Central, Cia Paulista, Mogiana, Pennsylvania, Atchison Topeka & Santa Fe e Denver & Rio Grande Western___Central, Cia Paulista, Sorocabana, Pennsylvania, Atchison Topeka & Santa Fe, Denver & Rio Grande Western e Baltimore & Ohio___MRS, RFFSA (Fase I) e ALL___Cia Paulista (Fase II), RFFSA (Fase I), EFVM (Fase II) e FEPASA (Fase II e III)___RFFSA (Fase I), EFVM (Fase II), New Zealand Railways (Fase I e II) e Ferrocarriles Argentinos___G22U - RFFSA (Fase I e II) e ALL G22CU - RFFSA (Fase I), ALL, Ferrocarriles Argentinos, NCA (Argentina), Metropolitano (Argentina), Ferrovia (Argentina), Taiwan (R.O.C)___RFFSA (Fase I), Central, New York Central, Erie, Lehigh Valley, Pennsylvania e Soo Line___RFFSA (Fase I), MRS, Brasil Ferrovias, FEPASA (Fase II e III), New Zealand Railways (Fase II), South African Raiways e Ferrosur Roca"	"RFFSA (Fase I), EFVM (Fase II), New Zealand Railways (Fase I e II) e Ferrocarriles Argentinos___G22U - RFFSA (Fase I e II) e ALL G22CU - RFFSA (Fase I), ALL, Ferrocarriles Argentinos, NCA (Argentina), Metropolitano (Argentina), Ferrovia (Argentina), Taiwan (R.O.C)"	-40.65217391	0
"http://en.wikipedia.org/wiki/Statewide_opinion_polling_for_the_Republican_Party_presidential_primaries,_February_2012"		Polling for completed primaries	5	Other	Michele Bachmann 5%, Ron Paul 5%, Rick Perry 4%, Rick Santorum 2%, Jon Huntsman 1%, Gary Johnson 1%, someone else/not sure 11%___Mitt Romney 15%, Ron Paul 8%, Mitch Daniels 4%, Tim Pawlenty 3%, Haley Barbour 2%, someone else/undecided 13%___Newt Gingrich 14%, Tim Pawlenty 3%, Mike Pence 2%, Mitch Daniels 1%, John Thune 0%, someone else/undecided 23%___Mike Huckabee 14%, Ron Paul 7%, someone else 8%, undecided 8%"	"Newt Gingrich 14%, Tim Pawlenty 3%, Mike Pence 2%, Mitch Daniels 1%, John Thune 0%, someone else/undecided 23%___Mike Huckabee 14%, Ron Paul 7%, someone else 8%, undecided 8%"	-26	0
http://en.wikipedia.org/wiki/List_of_Bucharest_metro_stations		Stations	2	Opened	1989___1989___1989___1989___Victoriei 1 (1986) / Victoriei 2 (1989)___Gara de Nord 1 (1990) / Gara de Nord 2 (2000)___Original platforms (1990) / extended platforms (2000)___1984___1979___1979___1979___1979___1986___1981___1981___Grigorescu 1 (1981), Grigorescu 2 (2008)___1981___1981___1981___1990___1987___1987___1987___1987___1987___1986___1986___1986___1986___1986___1986___1986___1983___1983___1991___1983___1983___2008___2008___2008___2000___2000___2011___2011"	2011___Gara de Nord 1 (1990) / Gara de Nord 2 (2000)	-28	2
http://pt.wikipedia.org/wiki/Anexo:Lista_de_combates_cinco_estrelas_do_wrestling_profissional		Ring of Honor	1	Luta	Samoa Joe vs. Kenta Kobashi___Dragon Kid, Genki Horiguchi & Ryo Saito vs. CIMA, Naruki Doi & Masato Yoshino___Davey Richards vs. Michael Elgin"	"Davey Richards vs. Michael Elgin___Dragon Kid, Genki Horiguchi & Ryo Saito vs. CIMA, Naruki Doi & Masato Yoshino"	-26	2
http://en.wikipedia.org/wiki/Matteo_Zanni		Skating routines	1	Original dance	Jive: Hit the Road Jack Blues: Why Don't You Do Right? (from Who Framed Roger Rabbit) Jive___Waltz and Galop: Overture from Die Fledermaus by Johann Strauss II	Jive: Hit the Road Jack Blues: Why Don't You Do Right? (from Who Framed Roger Rabbit) Jive___Waltz and Galop: Overture from Die Fledermaus by Johann Strauss II	-26	0
http://en.wikipedia.org/wiki/Open_the_Triangle_Gate_Championship		Title history	1	Wrestlers (Individual reigns)	Blood Generation CIMA (0), Naruki Doi (0) & Shingo Takagi (0)___Do FIXER Dragon Kid (1), Genki Horiguchi (1) & Ryo Saito (1)___Blood Generation CIMA (1), Naruki Doi (1) & Don Fujii (1)___Do FIXER Dragon Kid (2), Genki Horiguchi (2) & Ryo Saito (2)___Blood Generation CIMA (2), Magnitude Kishiwada (1) & Masato Yoshino (2) (Masato Yoshino formerly YOSSINO)___Vacated___Blood Generation BxB Hulk (1), CIMA (3) & Jack Evans (1)___Do FIXER Dragon Kid (3), Genki Horiguchi (3) & Ryo Saito (3)___Muscle Outlaw'z Naruki Doi (2), Gamma (1) & Masato Yoshino (3)___Pos.HEARTS BxB Hulk (2), Anthony W. Mori (2) & Super Shisa (1)___Muscle Outlaw'z Naruki Doi (3), Gamma (2) & Masato Yoshino (4)___Typhoon CIMA (4), Ryo Saito (4) & Susumu Yokosuka (1)___Muscle Outlaw'z Naruki Doi (4), Gamma (3) & Magnitude Kishiwada (2)___Typhoon CIMA (5), Ryo Saito (5) & Susumu Yokosuka (2)___New Hazard BxB Hulk (3), Cyber Kong (1) & Shingo Takagi (1)___Vacated___Muscle Outlaw'z Naruki Doi (5), Magnitude Kishiwada (3) & Masato Yoshino (5)___Mushozoku Masaaki Mochizuki (1), Don Fujii (2)and K-ness (1)___New Hazard BxB Hulk (4), Cyber Kong (2) & Shingo Takagi (2)___Vacated___Real Hazard Gamma (4), Shingo Takagi (3) & YAMATO (1)___Tozawajuku Keni'chiro Arai (1), Taku Iwasa (1) & Shinobu (1)___Real Hazard Gamma (5), Yasushi Kanda (1) & YAMATO (2)___Zetsurins Masaaki Mochizuki (2),Don Fujii (3) and Magnitude Kishiwada (4)___KAMIKAZE Dragon Kid (4), Shingo Takagi (4) and Taku Iwasa (2)___WARRIORS-5 CIMA (6), Gamma (6) & KAGETORA (1)___WORLD-1 Masato Yoshino (6), BxB Hulk (5) & PAC (1)___Zetsurins Masaaki Mochizuki (3) , Don Fujii (4) and Akebono (1)___Deep Drunkers Takuya Sugawara (1), Yasushi Kanda (2) and Kzy (1)___WARRIORS CIMA (7), Gamma (7) & Genki Horiguchi (4)___WORLD-1 Naruki Doi (6), Naoki Tanizaki (1) & PAC (2)___WARRIORS CIMA (8), Gamma (8) & Genki Horiguchi (5)___Naoki Tanizaki (2), Takuya Sugawara (2) & Yasushi Kanda (3)___Blood Warriors CIMA (9), Dragon Kid (5) and Ricochet (1)___Vacated___Junction Three Masato Yoshino (7), YAMATO (3) and Gamma (9)___Blood Warriors Kzy (2), Naoki Tanizaki (3) and Naruki Doi (7)___Vacated___Jimmys Genki Horiguchi H.A.Gee.Mee!! (6), Jimmy Kanda (4) and Ryo ""Jimmy"" Saito (6)___World-1 International Masato Yoshino (8), Naruki Doi (8) and Pac (3)___Vacated___Mad Blankey Akira Tozawa, BxB Hulk (6) and Naoki Tanisaki___Kaettekita Veteran-gun Gamma (10), HUB and Magnitude Kishiwada (5)___World-1 International Masato Yoshino (9), Naruki Doi (9) and Shachihoko BOY___Jimmyz Genki Horiguchi H.A.Gee.Mee!! (7), Mr. Kyu Kyu Toyonaka Dolphin/Naoki Tanizaki (4) and Ryo ""Jimmy"" Saito (7)___World-1 International Naruki Doi (10), Rich Swann and Shachihoko BOY (2)___M2K Masaaki Mochizuki (4), Jimmy Susumu (3) and K-Ness (2)___Jimmyz Genki Horiguchi H.A.Gee.Mee!! (8), Jimmy Kanda (5) and Ryo ""Jimmy"" Saito (8)___Oretachi Veteran-gun Dragon Kid (6), K-Ness (3) and Masaaki Mochizuki (5)___Vacated___Mad Blankey BxB Hulk (7), Cyber Kong (3) and YAMATO (4)"	"Do FIXER Dragon Kid (3), Genki Horiguchi (3) & Ryo Saito (3)___Vacated"	-35	1
http://it.wikipedia.org/wiki/Difficolt%C3%A0_(escursionismo)		Scala delle difficolt?? escursionistiche	2	Sentiero / Terreno	Sentiero con tracciato evidente e salite regolari. Se segnalato secondo norme FSS: bianco-rosso-bianco. Terreno talvolta ripido, pericolo di cadute esposte non escluso.___Di regola traccia visibile sul terreno, passaggi esposti possono essere assicurati con corde o catene, eventualmente bisogna servirsi delle mani per l'equilibrio. Se segnalato secondo norme FSS: bianco-rosso-bianco. Singoli passaggi con pericolo di cadute esposte, pietraie, versanti erbosi senza traccia e cosparsi di roccette.___Sentiero non sempre individuabile, itinerario a tratti senza tracciato, talvolta bisogna servirsi delle mani per la progressione. Se segnalato secondo norme FSS: bianco-blu-bianco. Terreno abbastanza esposto, pendii erbosi delicati, versanti erbosi cosparsi di roccette, facili ghiacciai senza neve.___Spesso senza traccia, singoli facili passaggi d'arrampicata fino al II. grado. Se segnalato secondo norme FSS: bianco-blu-bianco. Terreno esposto e impegnativo, ripidi versanti erbosi cosparsi di roccette, ghiacciai e nevai poco pericolosi.___Generalmente senza traccia, passaggi d'arrampicata fino al II. grado. Di regola non segnalato. Terreno spesso molto esposto, versanti erbosi e rocciosi molto delicati, ghiacciai con rischio di slittamento."	"Spesso senza traccia, singoli facili passaggi d'arrampicata fino al II. grado. Se segnalato secondo norme FSS: bianco-blu-bianco. Terreno esposto e impegnativo, ripidi versanti erbosi cosparsi di roccette, ghiacciai e nevai poco pericolosi.___Di regola traccia visibile sul terreno, passaggi esposti possono essere assicurati con corde o catene, eventualmente bisogna servirsi delle mani per l'equilibrio. Se segnalato secondo norme FSS: bianco-rosso-bianco. Singoli passaggi con pericolo di cadute esposte, pietraie, versanti erbosi senza traccia e cosparsi di roccette."	-27.97826087	0
http://en.wikipedia.org/wiki/Tom_Walkinshaw_Racing		The Cars	3	Engine/Chassis	Jaguar V6, 3.5 litre, turbo-charged, 500BHP (restricted) #839,#838,#837,#836 Chassis designed by: Keith Helfet, Jim Randle and Richard Owen Engine designed by: David Wood (Cosworth)|___Mazda (Judd) V10, 3.5 litre, normally aspirated, 001,002,003,004,005 Chassis designed by: Ross Brawn and John Piper |"	"Jaguar V6, 3.5 litre, turbo-charged, 500BHP (restricted) #839,#838,#837,#836 Chassis designed by: Keith Helfet, Jim Randle and Richard Owen Engine designed by: David Wood (Cosworth)|___Mazda (Judd) V10, 3.5 litre, normally aspirated, 001,002,003,004,005 Chassis designed by: Ross Brawn and John Piper |"	-40.65217391	0
http://en.wikipedia.org/wiki/List_of_The_Transformers_characters		Autobots	4	Voiced by	Buster Jones___Paul Eiding___Jack Angel___John Stephenson___John Stephenson, Corey Burton (War Dawn version), Tony Pope (A3)___Bill Martin___Bud Davis___Aron Kincaid___John Moschitta, Jr.___Jerry Houser___Susan Blu"	"Susan Blu___John Stephenson, Corey Burton (War Dawn version), Tony Pope (A3)"	-29	2
http://en.wikipedia.org/wiki/Food_Paradise		List of Restaurants by Episode	2	Specialty(s)	40 day Himalayan salt cured dry aged free aged prime beef (hot rock skewers, Kobe beef sashimi)___28-35 day dry aged beef, broiled steaks (New York strip)___17 pound prime rib roast, spinning bowl farmhouse salad___""Do-It-Your-Own Steakhouse""-pick out and grill your own choice meat, (only haunted steakhouse in U.S.)___Hibachi-grilled Kobe beef steaks___8 week dry aged beef, wine & steak (8 ounce Delmonico steak), world's largest wine selection of any restaurant (1/2 million bottles in underground wine cellar)"	"28-35 day dry aged beef, broiled steaks (New York strip)___8 week dry aged beef, wine & steak (8 ounce Delmonico steak), world's largest wine selection of any restaurant (1/2 million bottles in underground wine cellar)"	-40.32608696	0
http://es.wikipedia.org/wiki/Powerman_5000		Bandas sonoras	0	Canci??n	""Nobody's Real""___""Supernova Goes Pop""___""When Worlds Collide""___""Get On, Get Off""___""Ultra Mega""___""The End Is Over""___""When Worlds Collide""___""Good Times Roll""___""Relax""___""Supernova Goes Pop""___""Danger Is Go! (Remix)""___""Tonight the Stars Revolt""___""Bombshell""___""Action""___""When Worlds Collide"", ""Riot Time"", ""Last Night On Earth"", ""The Way It Is""___""The End of Everything""___""Almost Dead""___""Where We Belong Tonight"", ""Give Me Something I Need"", ""Almost Dead""___""Wild World"""	"Supernova Goes Pop___""When Worlds Collide"", ""Riot Time"", ""Last Night On Earth"", ""The Way It Is"""	-39	2
http://en.wikipedia.org/wiki/Elle_Fanning		Notable TV guest appearances	3	Notes	""Maxine Interrupted""___""Officer Blue""___""Need to Know""___2 episodes (guest role) ""The Boogeyman"" and ""No Way Out, Part II: The Evilution of Frank""___""Pilot"""	"Officer Blue___2 episodes (guest role) ""The Boogeyman"" and ""No Way Out, Part II: The Evilution of Frank"""	-41	2
http://de.wikipedia.org/wiki/Nordamerikanischer_Nummerierungsplan		Nummern??bersicht des NANP	1	"Numbering Plan Area (NPA), area code"	236, 250, 604, 778___204, 431___506___709___782, 902___867___867___226, 249, 289, 343, 365, 416, 437, 519, 613, 647, 705, 807, 905___782, 902___418, 438, 450, 514, 579, 581, 819, 873___306, 639___867"	"306, 639___226, 249, 289, 343, 365, 416, 437, 519, 613, 647, 705, 807, 905"	-33	2
http://en.wikipedia.org/wiki/China_Airlines	Dynasty Flyer Membership Tiers	Dynasty Flyer	2	Membership benefits | VIP lounge access	Convenient Reservation Mileage Earning Additional Miles for Package Birthday Gift Miles Reservation Hotline Priority Reservation Seat Selection Airport Courteous Reception Priority Baggage VIP Lounge___Convenient Reservation Mileage Earning Additional Miles for Package Birthday Gift Miles Welcome Offer Reservation Hotline Priority Reservation Confirmed Reservation Seat Selection Airport Courteous Reception Priority Baggage VIP Lounge Discounts on in-flight Duty Free Shop Spouse Upgrade___Convenient Reservation Mileage Earning Additional Miles for Package Birthday Gift Miles Upgrade Mileage Welcome Offer Reservation Hotline Priority Reservation Confirmed Reservation Seat Selection Airport Courteous Reception Priority Baggage VIP Lounge Discounts on in-flight Duty Free Shop Spouse Upgrade Incentive Mileage Spouse Gold Card	Convenient Reservation Mileage Earning Additional Miles for Package Birthday Gift Miles Welcome Offer Reservation Hotline Priority Reservation Confirmed Reservation Seat Selection Airport Courteous Reception Priority Baggage VIP Lounge Discounts on in-flight Duty Free Shop Spouse Upgrade___Convenient Reservation Mileage Earning Additional Miles for Package Birthday Gift Miles Reservation Hotline Priority Reservation Seat Selection Airport Courteous Reception Priority Baggage VIP Lounge	-36	0
