http://en.wikipedia.org/wiki/Anu_Choudhury		Filmograpraphy	2	Role	Oriya______Satya____________Rama____________Shibani___Rina__________________________________________Kalpana_____________________Shikha______Sweta___Malla___Priya______Mariam Dsouza	Mariam Dsouza	0.025	0
http://fr.wikipedia.org/wiki/Nurburgring	Vainqueurs des Grand Prix disputés sur les tracés du Nürburgring	Palmarès	0	Année	1928___1929___1931___1932___1934___1935___1936___1937___1938___1939___1951___1952___1953___1954___1956___1957___1958___1960 *___1961___1962___1963___1964___1965___1966___1967___1968___1969___1971___1972___1973___1974___1975___1976___1984___1985___1995___1996___1997___1998___1999___2000___2001___2002___2003___2004___2005___2006___2007___2009___2011___2013	1960 *	0.019230769	2
http://en.wikipedia.org/wiki/2012%E2%80%9313_Louisville_Cardinals_men%27s_basketball_team		Schedule	6	Pts Ldr	16 - Harrell___23 - Smith___18 - Smith___23 - Smith___16 - Smith___19 - Hancock___19 - Siva___24 - Smith___18 - Blackshear___31 - Smith___22 - Behanan___18 - Blackshear___20 - Smith___21 - Smith___23 - Smith___16 - Dieng___17 - Siva___23 - Smith___25 - Smith___17 - Blackshear___12 - ""Tied""___20 - Smith___18 - Smith___19 - Blackshear___30 - Behanan___24 - Smith___15 - Smith___23 - Dieng___17 - Smith___18 - Smith___18 - Smith___20 - Dieng___28 - Smith___20 - Smith___20 - Harrell___23 - Smith___27 - Smith___31 - Smith___23 - Smith___21 - Smith___22 - Hancock"	"12 - ""Tied"""	0.023809524	2
http://en.wikipedia.org/wiki/K%26N_Pro_Series_East		Career Victories	3	Last Win	Aug 14, 2004___Aug 14, 2004___Jul 25, 2002___Aug 16, 2008___Jun 29, 1997___Jul 8, 1995___Aug 27, 2005___Sep 19, 2002___Jul 15, 2005___Sep 16, 2005___Jul 14,2012___Aug 28, 1993___Sep 24, 1995___Sep 3, 1995___Jun 12, 1993___May 19, 1991___Jul 12, 1997___Jul 10, 1993___Jul 12, 2003___Jul 17, 2004___Sep 21, 2007___Sep 24, 2004___Jul 14, 2006___Mar 31, 2012___Sep 13, 2008___Aug 10, 2002___Jul 19, 2003___Sep 14, 2007___04, 2017, 2011___Oct 27, 2012___Sep 2, 2013___Oct 12, 1996___Sep 4, 1994___Apr 11, 2009___Aug 15, 2009___Aug 13, 1990___Oct 12, 1987___Aug 1, 2009___Jul 15, 2011___Sep 10, 2011___Jun 4, 2011___Jul 18, 1998___May 4, 1997___Jul 1, 1989___Jun 10, 1989___Jul 2, 1988___Sep 22, 2012___Aug 10, 2005___Jun 1, 2013___Sep 21,2013"	"04, 2017, 2011"	0.019607843	2
http://it.wikipedia.org/wiki/Giro_del_Belvedere		Albo d'oro	0	Anno	1924-51___1952___1959___1960___1961___1962___1963___1964___1965___1966___1967___1968___1969___1970___1971___1972___1973___1974___1975___1976___1977___1978___1979___1980___1981___1982___1983___1984___1985___1986___1987___1988___1989___1990___1991___1992___1993___1994___1995___1996___1997___1998___1999___2000___2001___2002___2003___2004	1924-51	0.020408163	2
http://nl.wikipedia.org/wiki/Lijst_van_rijksmonumenten_in_de_Jansstraat			3	Architect	_______________________________________________________________________________________________________________W.C. Metzelaar___H.J. van den Brink	H.J. van den Brink	0.025	0
http://wikipedia.orange.fr/wiki/Liste_des_livres-disques_Disney		Liste des livres-disques Disney	2	Année	1977___1977___1976______1976___1977______1979____________1979___1982___1982___1975___1980___1977/1980______1982___1982______1977_________1981___1978___1975___1976______1975___1977___1978___1976___1976___1976___1976___1976___1981___1985___1986___1985___1985___1985___1985___1979/1989___1978___1978___1980___1980_________1982___1983___1984___1984___1986___1985___1985___1985___1985___1985___1986___1986___1987___1987___1986______1987___1987___1988___1986______1989___1989___1988___1989___1989___1990	1979/1989	0.025316456	2
http://fr.wikipedia.org/wiki/Western_Province_(rugby)		Palmarès	0	Saison	1892___1894___1895___1897___1898___1904___1906___1908___1914___1920___1925___1927___1929___1932___1934___1936___1939___1946___1947___1950___1954___1957/59___1969___1976___1979___1980___1982___1983___1984___1985___1986___1988___1989___1995___1997___1998___2000___2001	1957/59	0.025641026	2
http://tr.wikipedia.org/wiki/%C4%B0stanbul_il%C3%A7eleri		Nüfus	10	2009	175.871___361.615___348.635___724.268___576.799___218.352___226.387___269.425___185.054___244.137___193.972___244.516___171.222___63.277___154.103___459.980___403.895___331.548___433.796___461.230___311.672___529.191___413.797___426.680___674.795___427.041___562.122___241.233___278.527___134.660___286.622___452.563___28.325___316.058___181.658___573.265___524.379___-___290.147___12.915.158	12.915.158	0.025	2
http://de.wikipedia.org/wiki/Me109		Produktion	8	GFW	99______80___665_______________135___22___70_____________________________________________________________________________________________________________________1.071	1.071	0.019607843	0
http://en.wikipedia.org/wiki/List_of_Governors_of_Rio_Grande_do_Sul		Republican Period (1889–present)	2	Begun on	11 February de 1892___6 May 1890___13 May 1890___24 May 1890___15 July 1891___12 November 1891___8 June 1892___17 June 1892___17 June 1892___27 September 1892___25 January 1893___25 January 1898___25 January 1908___25 January 1913___25 January 1928___9 October 1930___27 October 1930___28 October 1930___17 October 1937___19 January 1938___4 March 1938___11 September 1943___1 November 1945___7 February 1946___26 March 1947___31 January 1951___25 March 1955___25 March 1959___25 March 1963___12 September 1966___15 March 1971___15 March 1975___15 March 1979___15 March 1983___15 March 1987___2 April 1990___15 March 1991___1 January 1995___1 January 1999___1 January 2003___1 January 2007___1 January 2011	11 February de 1892	0.023255814	2
http://de.wikipedia.org/wiki/Oberbergische_Verkehrsgesellschaft_AG		Weblinks	0	Linie	302___303___307___308___311___313___314___315___316___317___318___319___320___321___322___323___324___325___332___333___335___336___336R___337___338___339___340___341___342___343___344___346___348___349___361___362___363___364___365___398___399___626	336R	0.023255814	2
http://en.wikipedia.org/wiki/List_of_Malta_national_rugby_union_team_test_matches			2	Location	Marsa___Marsa___Marsa___Ljubljana___Marsa___Marsa___Ekeberg___Marsa___Vienna___Marsa___Sarajevo___Marsa___Riga___Marsa___Chisinau___Avusy___Marsa___Marsa___Sofia___Odense___Marsa___Corradino___Pancevo___Corradino___Brussels___Riga___Paola___Paola___Siedlce___Makarska___Paola___Paola___Andorra la Vella___Marsa___Vanersborg___Riga___Paola___Split___Paola___Amsterdam___Paola___Siauliai___Paola___Paola___Enkoping___Riga___Paola___Paola___Zagreb	Andorra la Vella	0.02	0
http://tr.wikipedia.org/wiki/%C4%B0stanbul_il%C3%A7eleri		Nüfus	13	2012	206.299___395.758___395.274___749.024___600.162___221.336___316.176___269.774___186.067___246.352___229.115___246.152___201.077___63.467___193.182___458.694___553.369___356.512___428.857___488.258___307.573___521.005___421.356___443.293___721.911___460.955___625.797___278.998___289.959___150.183___302.388___492.212___30.218___318.217___197.657___645.238___535.916___-___292.407___13.854.740	13.854.740	0.025	1
http://ja.wikipedia.org/wiki/%E3%82%A2%E3%83%A0%E3%82%B9%E3%83%86%E3%83%AB%E3%83%80%E3%83%A0%E3%83%9E%E3%83%A9%E3%82%BD%E3%83%B3		優勝者	4	タイム	3:13:38___3:24:31___3:28:24___---___3:22:45___2:40:15___2:43:38___2:37:28___2:43:47___2:43:51___2:47:11___2:46:18___2:36:21___2:41:56___2:47:16___2:35:31___2:41:14___2:50:41___2:29:12___2:51:57___2:48:57___2:34:35___2:37:37___2:22:23___2:25:29___2:2	---	0.025641026	1
http://da.wikipedia.org/wiki/Fredede_bygninger_i_Rudersdal_Kommune	Fredede bygninger		2	Opførelsesår	1751___1913___1982___1982___1965___1965___1954___1954___1978___1965___1977___1986___1981___1996___1992___1955___1979___1979___1970___1970___1957___1973___1957___1989___1982___1989___1961___1978___1990___1976___1965___1962___1964___2003___1985___1970___1995___1958___1992___1958___1978___1973___2006___1978___1985___1971___1982___1963___1980___1990___1960___1978___1978___1962___1965___1960___1972___1972___1972___1970___1970___1951___1972___1973___1966___1975___1976___1987___1987___1967___1967___1966___1981___1972___1972___1977___1982___1981___1957___1978___2010___2010___2008___2008___2003___2010___2001___2003___2007___1908___1908___1908___1908___1908___1908___1908___1908___1954___1864___1864___1827___1864___1864___1850___1801___1824___1923___1804___1878___1792___1878___1729___1729___1756___1888___[[]]___[[]]___1600___1600___1877___1877___1877___1783___1783___1850___1900___1783___1900___1900___1760___1882___1950___1917___1961___1862___1940___1770___1850___1897___1897___1897___1897___1897___1805___1890___1677___1800___1800___1942___1967___1898___1898___1969___1850	[[]]	0.019354839	2
http://en.m.wikipedia.org/wiki/Cape_Epic		HistoryEdit	1	Category	Ladies___Mixed___Masters___Men___Ladies___Mixed___Masters___Men___Ladies___Mixed___Masters___Men___Ladies___Mixed___Masters___Men___Ladies___Mixed___Masters___Men___Ladies___Mixed___Masters___Men___Ladies___Mixed___Masters___Men___Ladies___Mixed___Masters___Men___Ladies___Mixed___Masters___Men___Ladies___Mixed___Masters___Grand Masters	Grand Masters	0.024390244	0
http://en.wikipedia.org/wiki/List_of_paintings_on_Soviet_postage_stamps			2	Year(s)	___1650s______1846__________________1947___1855________________________1878____________1837___1934____________1945___1960___1873__________________1873___________________________1841______	1650s	0.020833333	2
"http://en.wikipedia.org/wiki/en:Barnstable%20County,%20Massachusetts?uselang=en"		Demographics	4	Median household income	$101,563___$103,375___$250,000+___$170,179___$108,618___$75,590___$79,205___$68,750___$82,159___$84,444___$87,857___$67,171___$115,250___$88,750___$86,875___$90,110___$55,469___$92,552___$103,914___$76,708___$84,550___$83,371___$59,073___$63,947___$69,713___$68,693___$62,639___$67,146___$60,015___$83,472___$48,125___$76,523___$66,141___$53,027___$64,619___$88,274___$79,145___$80,278___$65,313___$64,293___$58,027"	"$250,000+"	0.023809524	2
http://en.m.wikipedia.org/wiki/List_of_musical_instruments		Percussion instrumentsEdit	1	Classification	membranophones___membranophones___membranophones___membranophones___membranophones___membranophones___membranophones___membranophones___membranophones___membranophones___membranophones___membranophones___membranophones___membranophones___membranophones___membranophones___membranophones___membranophones___membranophones___membranophones___membranophones___membranophones___membranophones___membranophones___membranophones___membranophones___membranophones___membranophones___membranophones___membranophones___membranophones___idiophones and membranophones___membranophones___membranophones___membranophones___membranophones___membranophones___membranophones___membranophones___membranophones___membranophones___membranophones___membranophones___membranophones___membranophones___membranophones___membranophones___membranophones___membranophones___membranophones___membranophones___membranophones___membranophones___membranophones___membranophones___membranophones___membranophones___membranophones___membranophones___membranophones___membranophones___membranophones___membranophones___membranophones___membranophones___idiophones or membranophones___membranophones___membranophones___membranophones___membranophones___membranophones___membranophones___membranophones___membranophones___membranophones___membranophones___membranophones___membranophones___membranophones	idiophones or membranophones	0.025	0
http://en.wikipedia.org/wiki/List_of_Doctor_Who_audio_plays_by_Big_Finish		Doctor Who	4	Doctor	5th___6th___5th___7th___6th___7th___5th___6th___5th___6th___7th___7th___6th___5th___8th___8th___8th___8th___5th___7th___6th___6th___5th___7th___5th___6th___8th___8th___8th___8th___8th___8th___5th___6th___7th___6th___5th___7th___6th___5th___7th___6th___5th___6th, 7th___7th___5th___6th___7th___3rd, 5th, 6th, 7th, 8th___6th___8th___8th___8th___8th___5th___6th___7th___5th___6th___8th___8th___8th___8th___6th___5th___7th___6th___5th___7th___5th___8th___6th___7th___8th___5th___8th___6th___7th___8th___5th___7th___8th___6th___7th___6th___5th___8th___7th___6th___5th___7th___5th___6th___5th___7th___6th___7th___5th___6th___8th___5th___8th___5th___6th___7th___5th___6th___7th___5th___6th___7th___5th___6th___7th___6th___5th___5th___5th___7th___7th___7th___8th___6th___6th___6th___5th___5th___5th___7th___7th 7th, 8th___7th___6th___6th___6th___5th___5th___5th___7th___7th___7th___5th___6th___6th___6th___5th___5th___5th___7th___6th___7th___7th___8th___8th___8th___6th___6th___6th___5th___5th___5th___7th___7th___7th___5th___6th___7th___5th___6th___6th___6th___5th___5th___5th___7th___7th___7th___5th___6th___7th___7th___6th___6th___6th___5th___5th___5th"	"3rd, 5th, 6th, 7th, 8th"	0.021390374	2
http://en.wikipedia.org/wiki/Hybrid_electric_vehicles_in_the_United_States		Economical and environmental performance comparison	7	Annual Petroleum Use (barrel)	6.6___7.0___7.0___7.2___7.3___7.3___7.5___7.6___7.8___7.8___7.8___8.0___8.0___8.2___8.2___8.4___8.7___8.7___8.9___8.9___9.4___9.7___9.7___9.7___10.3___10.6___10.6___10.6___11___11.4___11.4___11.4___11.4___11.8___11.8___11.8___12.7___12.7___12.7___13.2___13.2___14.3___15.7___15.7___15.0___15.7___15.7___15.7___15.7___15.7___18.3	11	0.019230769	0
http://en.wikipedia.org/wiki/Automobile_drag_coefficient	Production cars (continued)	Typical drag coefficients	0	Cd	0.31___0.31___0.31___0.31___0.31___0.31___0.31___0.31___0.31___0.31___0.31___0.31___0.31___0.31___0.31___0.31___0.31___0.31___0.31___0.31___0.31___0.31___0.31___0.31___0.31___0.31___0.31___0.31___0.31___0.31___0.31___0.31___0.31___0.31___0.31___0.31___0.31___0.31___0.304___0.30___0.30___0.30___0.30___0.30___0.30___0.30___0.30___0.30___0.30___0.30___0.30___0.30___0.30___0.30___0.30___0.30___0.30___0.30___0.30___0.30___0.30___0.299___0.297___0.295___0.295___0.291___0.29___0.29___0.29___0.29___0.29___0.29___0.29___0.29___0.29___0.29___0.29___0.29___0.29___0.29___0.29___0.29___0.29___0.29___0.29___0.29___0.29___0.29___0.29___0.29___0.29___0.29___0.29___0.29___0.29___0.29___0.29___0.29___0.29___0.29___0.29___0.29___0.29___0.29___0.29___0.29___0.29___0.29___0.29___0.29___0.288___0.286___0.284___0.281___0.28___0.28___0.28___0.28___0.28___0.28___0.28___0.28___0.28___0.28___0.28___0.28___0.28___0.28___0.28___0.28___0.28___0.28___0.28___0.28___0.28___0.277___0.274___0.27___0.27___0.27___0.27___0.27___0.27___0.27___0.27___0.27___0.27___0.27___0.27___0.27___0.27___0.27___0.27___0.26___0.26___0.26___0.26___0.26___0.26___0.26___0.26___0.26___0.26___0.26___0.26___0.25___0.25___0.25___0.25___0.25___0.25___0.2455 (1:5)___0.24___0.24___0.22___0.212 (according to some sources 1:5)___0.195___0.189	0.2455 (1:5)	0.022346369	2
http://en.wikipedia.org/wiki/List_of_Exosquad_episodes		Episodes	3	# Season	1.02___1.03___1.04___1.05___1.06___1.07___1.08___1.09___1.10___1.11___1.12___1.13___2.01___2.02___2.03___2.04___2.05___2.06___2.07___2.08___2.09___2.10___2.11___2.12___2.13___2.14___2.15___2.16___2.17___2.18___2.19___2.20___2.21___2.22___2.23___2.24___2.25___2.26___2.27___2.28___2.29___2.30___2.31___2.32___2.33___2.34___2.35___2.36___2.37___2.38___2.39 (3.01)	2.39 (3.01)	0.019230769	2
http://en.wikipedia.org/wiki/Class_47_renumbering			2	Name	____________D1500___D1501_________________________________D1524_______________________________________1546_____________________89466____________________________________47556___47531______47557_________47597______47558_______________47559___47635___47618___47560___47662_________47561___47594___97480___47562___47563___47564___47565___47642___47630___47586___47567___47568______47569___47570____________47652___47654___47532___47547___47631___57008___47649___47545___47639___47535___47661___47632___47638___47620___47536___47609___47537___47645___47625___47613______47628___57009___47612___47606___47626___47633___47538______47641___47624___47653______47623___47647_____________________D1693____________89405___________________________47548______47555___47539___47658___47540___47549___47768___47622___47664___47621___47607___47550___47614____________47617___47551___47546___47660______47634___47769___47605___47541___47610___47571___47590______47611___47580___47572___47581___47582___47592___47583___47573___47574___47575___47576___47588___47577___47584___47578___47579___47585___47602____________47397___47392_________57314___47389_______________47387_________57003_________57002_______________57011___47390___57007_________57602____________57004______57603___57005____________47391___57006_____________________47388___57605______47393______47394_________47299________________________57001__________________47385__________________57315___57316_______________57307___47384____________57010___47665______57313_________47657___47663______47659___47636___47640______47644___47655___47616______47600___47589___47615___47651___47701___47596___47650___47706___47704______47710___47717___47711___47709___47770______47715___47771___47702___47712___47707___47552___47716_________47713___47714___47553___47554______47703______47608___47587___47591___47629___47603___47708___47595______47604___47593___47627___47758___47637_________________________________	D1524	0.020057307	0
http://it.wikipedia.org/wiki/Servizi_televisivi_di_Sky_Italia		Servizi televisivi attualmente disponibili	2	Paese	Italia___Italia___Italia___Italia___Italia___Italia___Italia___Italia___Italia___Italia___Italia___Italia___Italia___Italia___Italia___Italia___Italia___Italia___Italia___Italia___Italia___Italia___Italia___Italia___Italia___Italia___Italia___Italia___Italia___Italia___Italia___Italia___Italia___Italia___Italia___Italia___Italia___Italia___Italia___Italia___Italia___Italia_________Francia______Francia Germania	Francia Germania	0.020833333	0
http://it.wikipedia.org/wiki/Digitale_terrestre		Storia della televisione digitale terrestre	2	Inizio transizione	___2010___2008______2009____________2008___2009___2008___2010___2007___2008___2003_________2012___2011___2008______2006_________2008___2012___2012___2011___2007___2007______2015___2010___2009___dicembre 2006___2008___2005___2008___2012___2013	dicembre 2006	0.024390244	2
"http://en.wikipedia.org/wiki/List_of_rocks_in_Western_Australia,_T-Z"		T	0	Name	Tabling Rocks___Tagon Rock___Talbot Rock___Talboys Rock___Tamacurring Rock___Tammarin Rock___Tammi Rocks___Tammin Rock___Tandegin Rock___Tarbunkenup Rocks___Tarin Rock___Taylor Rock___Taylor Rock___Thabilinya Rock___Theatre Rock___Thiel Rock___Third Rocks___Thistle Rock___Thring Rock___Thursday Rock___Thyssen Rock___Tide Gauge Rock___Time Rock___Toapin Rock___Tom Rock___Tombstone Rocks___Toms Rock___Tooklejenna Rock___Toonarrie Rock___Tooth Rocks___Torpedo Rock___Totadgin Rock___Towndrow Rock___Trainers Rocks___Transit Rocks___Trig Rock___Trigg Lump___Tringa Rock___Trinity Rock___Triple Rock___Tryal Rocks___Tua Rock___Tuesday Rock___Turturdine Rock___Twin Rocks___Twin Rocks___Twin Rocks___Two Sisters	Tide Gauge Rock	0.020408163	0
http://fr.wikipedia.org/wiki/Beretta_92F		Modèles	3	Longueur du canon (mm)	125___125___125___125___125___125___125___119___119___119___125___125___119___119___119___125___125___125-150___125___125___125___125___109___109___109___109___109___109___125___109___125___119___125___125___125___125___125___119___119___119___119___119___119___125___125___125___109	125-150	0.020833333	2
http://ar.wikipedia.org/wiki/%D8%B3%D9%83%D8%A7%D9%86_%D8%A7%D9%84%D9%85%D9%85%D9%84%D9%83%D8%A9_%D8%A7%D9%84%D9%85%D8%AA%D8%AD%D8%AF%D8%A9		عدد السكان	2	وفيات	944,365___975,635___990,160___1,014,672___992,275___979,587___961,700___947,231___920,258___903,907___901,650___833,993___779,545___737,138___697,518___675,526___657,038___686,952___734,572___753,708___730,836___719,155___721,467___729,617___750,728___754,982___775,617___787,556___777,825___798,612___792,506___780,799___761,526___750,480___731,882___733,163___726,622___716,889___699,979___679,029___669,123___668,777___695,549___715,996___722,549___748,563___772,245___794,383___790,204___807,272___807,778"	"1,014,672"	0.019230769	0
http://en.m.wikipedia.org/wiki/List_of_Presidents_of_the_United_States_by_age		List of PresidentsEdit	4	Age at inauguration	61 years, 125 days___57 years, 325 days___57 years, 353 days___58 years, 310 days___57 years, 236 days___61 years, 354 days___54 years, 89 days___68 years, 23 days___51 years, 6 days___49 years, 122 days___64 years, 100 days___50 years, 183 days___48 years, 101 days___65 years, 315 days___52 years, 20 days___56 years, 107 days___46 years, 311 days___54 years, 151 days___49 years, 105 days___51 years, 349 days___47 years, 351 days___55 years, 196 days___55 years, 351 days___54 years, 34 days___42 years, 322 days___51 years, 170 days___56 years, 66 days___55 years, 122 days___51 years, 29 days___54 years, 206 days___51 years, 33 days___60 years, 339 days___62 years, 98 days___43 years, 236 days___55 years, 87 days___56 years, 11 days___61 years, 26 days___52 years, 111 days___69 years, 349 days___64 years, 222 days___46 years, 154 days___54 years, 198 days___47 years, 169 days___Age at inauguration"	Age at inauguration	0.022222222	2
http://en.wikipedia.org/wiki/Hurstville_Zagreb_FC		Hurstville Oval	2	Points	31___20___27___23___18___18___23___18___18___17___10___12___31___35___30___23___43___40___50___43___38___41___35___44___40___44___38___34___60___37___24___18___41___17___15___6___25___13___??	??	0.025	1
http://en.wikipedia.org/wiki/2013_in_paleontology		Molluscs	2	Status	Valid___Valid___Valid___Valid___In press___Valid___Valid___Valid___Valid___Valid___Valid___Valid___Valid___Valid___Valid___Valid___Valid___Valid___Valid___Valid___Valid___Valid___Valid___Valid___Valid___Valid___Valid___Valid___Valid___Valid___Valid___Valid___Valid___Valid___Valid___Valid___Valid___Valid___Valid___Valid___Valid	In press	0.023809524	0
http://en.wikipedia.org/wiki/List_of_Swansea_City_A.F.C._players		List	7	Total Goals	?___?___?___?___?___?___?___?___?___?___?___?___?___?___?___?___?___?___?___?___?___?___?___?___?___?___?___?___0___?___?___?___?___?___?___?___?___?___?___?___?___?___?___?___?___?___?___?___?___?___?___?___?___?___?___?___?___?___?___?___?___?___?___?___?___?___?___?___?___?___?___?___?___?___?___?___?___?___?___?___?___?___?___?___?___?___?___31___?___?___?___?___?___?___?___?___?___?___?___?___?___?___?___?___?___?___?___?___?___?___?___?___?___?___?___?___?___?___?___?___?___?	31	0.024390244	0
http://en.wikipedia.org/wiki/List_of_operas_by_Auber		List	4	Première date	September 1812___27 February 1813___18 September 1819___27 January 1820___7 July 1821___25 January 1823___8 October 1823___5 December 1823___27 April 1824___5 May 1824___4 November 1824___3 May 1825___2 June 1826___28 November 1826___29 February 1828___10 January 1829___28 January 1830___13 October 1830___20 June 1831___31 October 1831___1 October 1832___27 February 1833___24 May 1834___23 March 1835___23 January 1836___9 April 1836___21 December 1836___10 June 1837___2 December 1837___1 April 1839___18 May 1840___6 March 1841___4 February 1842___16 January 1843___26 March 1844___22 April 1845___15 November 1847___28 December 1847___6 December 1850___16 May 1851___21 December 1852___2 June 1855___23 February 1856___2 February 1861___11 January 1864___15 February 1868___20 December 1869	September 1812	0.020833333	2
http://nl.wikipedia.org/wiki/Wedstrijden_van_PSV_in_Europees_voetbal		Europese wedstrijden per seizoen	0	Seizoen	1962/63___1963/64___1963/64___1965/66___1969/70___1970/71___1971/72___1973___1974/75___1975/76___1976/77___1977/78___1978/79___1979/80___1980/81___1981/82___1982/83___1983/84___1984/85___1985/86___1986/87___1987/88___1988/89___1989/90___1990/91___1991/92___1992/93___1993/94___1994/95___1995/96___1996/97___1997/98___1998/99___1999/00___2000/01___2001/02___2002/03___2003/04___2004/05___2005/06___2006/07___2007/08___2008/09___2009/10___2010/11___2011/12___2012/13___2013/14	1973	0.020408163	2
http://en.wikipedia.org/wiki/1983_National_Basketball_Association_Draft		Draft	3	Pos.	C___SF___SG___PF___C___SF___SF___SG___SG___PG/SG___SG___PG___SG___SG___PG___SF___C___PG___C___C___SG___SG___PG___PG___SF___PF___PG___PF___C___PG___SF___PG___F___C___PF___SF___PF___C___SG___SF___SG___SF___SG___SF___PG___PF	PG/SG	0.021276596	2
http://en.wikipedia.org/wiki/1976_PGA_Tour		Tournament results	5	1st prize ($)	40,000___37,000___46,000___36,000___36,000___37,000___60,000___40,000___40,000___35,000___43,000___46,000___40,000___45,000___16,000___35,000___40,000___40,000___40,000___40,000___40,000___40,000___42,000___40,000___26,000___13,500___20,000___50,000___60,000___40,000___40,000___40,000___45,000___42,000___40,000___100,000___40,000___30,000___35,000___27,000___25,000___25,000___25,000___20,000 (each)"	"20,000 (each)"	0.022222222	2
http://en.wikipedia.org/wiki/German_motorcycle_Grand_Prix		Winners of the motorcycle Grand Prix of Germany	6	500 cc	Wayne Rainey___Kevin Schwantz___Eddie Lawson___Eddie Lawson___Christian Sarron___Freddie Spencer___500 cc___Kenny Roberts___Randy Mamola___Kenny Roberts___Marco Lucchinelli___Wil Hartog___Virginio Ferrari___Barry Sheene___Giacomo Agostini___Giacomo Agostini___Edmund Czihak___Phil Read___Giacomo Agostini___Giacomo Agostini___Giacomo Agostini___Giacomo Agostini___Giacomo Agostini___Giacomo Agostini___Jim Redman___Mike Hailwood___Mike Hailwood_________Gary Hocking___John Surtees___John Surtees___John Surtees___Libero Liberati___Reg Armstrong___Geoff Duke___Geoff Duke___Walter Zeller___Reg Armstrong___Geoff Duke	500 cc	0.024390244	2
http://en.wikipedia.org/wiki/Ohio%27s_6th_congressional_district		Recent election results	0	Year	1922___1924___1926___1928___1930___1932___1936___1938___1940___1942___1944___1946___1948___1950___1952___1954___1956___1958___1960___1960 s___1962___1964___1966___1968___1970___1972___1974___1976___1978___1980___1982___1984___1988___1990___1992___1994___1996___1998___2002___2006___2012	1960 s	0.023809524	2
http://ru.wikipedia.org/wiki/%D0%A1%D0%BF%D0%B8%D1%81%D0%BE%D0%BA_%D1%80%D0%B5%D0%BA_%D0%BF%D0%BE_%D0%B4%D0%BB%D0%B8%D0%BD%D0%B5		Список рек длиной более 1000 км	3	Средний расход воды (м³/с)	3349000___1800000___2980000___2580000___745000___2990000___2490000___1855000___3680000___810000___1790000___2090000___3100000___1380000___884000___63166___1061000___850000___850000___960000___610000___219000___324000___1030000___570000___473000___1730000___817000___1400000___1330000___454000___358125___534739___242259___1093000___900000___644000___907000___270000___177000___200000___237000___505000 (435 122)______219000___516300___729000___720114___415211___390000___437000___78592___411000___880200___490603___880000___557000________________________425600___240000___322000___507000___413000_________360400___279719___419659___370000____________________________________________________________142000____________________________________________________________198735___357052___________________________148268________________________34 800_______________88900_______________77700_____________________263500______52 600_________102 000___62500_____________________________________________	52 600	0.023255814	2
http://fr.wikipedia.org/wiki/Liste_des_joueurs_du_KSK_Tongres	Joueurs du KSK Tongres dont le nom commence par C	C	3	Date de naissance	7/09/1961___26/04/1946___3/02/1993___17/03/1977___13/07/1978___19/06/1991___15/02/1969___22/06/1976___?___25/03/1961___9/01/1995___10/07/1991___3/09/1957___16/07/1981___7/12/1984___19/03/1985___6/11/1956___2/04/1984___29/09/1966___19/10/1974___3/05/1965___24/06/1957___31/07/1975___5/04/1948___23/11/1955___16/02/1980___11/11/1974___12/05/1982___8/08/1990___19/04/1985___23/11/1974___5/05/1967___4/04/1985___11/09/1986___29/11/1939___2/09/1963___26/06/1984___12/11/1971___28/09/1947___15/04/1959___15/06/1966	?	0.023809524	1
http://en.wikipedia.org/wiki/Shooting_at_the_1976_Summer_Olympics_%E2%80%93_Trap		Results	3	Score	189___189___186___185___183___183___182___182___181___181___181___181___180___179___178___178___177___177___177___175___175___175___175___173___173___173___169___168___168___167___166___162___160___159___159___158___156___153___152___150___141___71 (5 rounds)	71 (5 rounds)	0.023255814	2
http://pt.wikipedia.org/wiki/Nossa_Senhora_do_Ros%C3%A1rio_(Santa_Maria)		Demografia	3	Densidade	5,92___20,67___9,57___448,57___12743,94___1063,52___253,49___6961,21___828,52___9157,94___237,62___2052,20___444,67___1578,02___3164,27___5508,08___3155,66___5477,54___717,93___1185,34___9181,94___5679,83___6936,26___4282,17___10464,23___4090,22___1310,31___8005,91___4816___6141,74___31,03___8,99___2611,93___3,98___2333,27___578,89___3062,86___3578,50___1290,07___13040,18___2,11___15,72___1981,19___1241,72___4,24___3382,84___401,63___2591,00___3222,18___3106,82___146,67"	4816	0.019230769	2
http://en.m.wikipedia.org/wiki/Jamie_Roberts		Professional recordEdit	3	Position	Full Back___Centre___Centre___Substitute___Centre___Centre___Centre___Centre___Centre___Centre___Substitute___Centre___Centre___Centre___Centre___Centre___Centre___Centre___Centre___Centre___Centre___Centre___Centre___Centre___Centre___Centre___Centre___Centre___Centre___Centre___Centre___Centre___Centre___Centre___Centre___Centre___Centre___Centre___Centre___Centre___Centre___Centre___Centre___Centre___Centre___Centre___Centre___Centre___Centre	Full Back	0.02	0
http://pl.wikipedia.org/wiki/Miasta_Jordanii		Alfabetyczna lista miast w Jordanii	4	Ludność w 2004	17.618___18.586___37.222___80.059___62.508___64.200___25.475___20.485___20.280___135.500___47.764___18.282___1.036.330___71.433___227.735___395.227___24.680___73.528___19.210___16.615___23.512___18.023___113.197___84.975___31.652___16.756___250.645___21.734___15.733___26.461___70.338___30.173___38.501___15.439___43.909___61.949___15.333___36.785___122.032	1.036.330	0.025	0
http://en.wikipedia.org/wiki/Iowa%E2%80%93Wisconsin_football_rivalry		Game results	2	Winning team	Wisconsin___Wisconsin___Wisconsin___Wisconsin___Wisconsin___Iowa___Wisconsin___Wisconsin___Iowa___Wisconsin___Iowa___Wisconsin___Iowa___Wisconsin___Wisconsin___Iowa___Iowa___Wisconsin___Iowa___Wisconsin___Wisconsin___Wisconsin___Iowa___Wisconsin___Iowa___Wisconsin___Wisconsin___Wisconsin___Wisconsin___Wisconsin___Iowa___Wisconsin___Iowa___Iowa___Iowa___Wisconsin___Iowa___Iowa___Wisconsin___Wisconsin___Wisconsin___Wisconsin___Wisconsin___Iowa___Iowa___Wisconsin___Iowa___Iowa___Wisconsin___Wisconsin___Wisconsin___Iowa___Wisconsin___Iowa___Iowa___Iowa___Iowa___Iowa___Iowa___Iowa___Iowa___Iowa___Iowa___Iowa___Iowa___Iowa___Iowa___Iowa___Iowa___Iowa___Iowa___Wisconsin___Wisconsin___Wisconsin___Wisconsin___Wisconsin___#9 Iowa___#17 Iowa	#9 Iowa	0.025316456	2
http://it.wikipedia.org/wiki/Super_Bowl		Le Finali del Super Bowl	0	Campionato AFL-NFL | Super Bowl	II___III___IV___Super Bowl___V___VI___VII___VIII___IX___X___XI___XII___XIII___XIV___XV___XVI___XVII___XVIII___XIX___XX___XXI___XXII___XXIII___XXIV___XXV___XXVI___XXVII___XXVIII___XXIX___XXX___XXXI___XXXII___XXXIII___XXXIV___XXXV___XXXVI___XXXVII___XXXVIII___XXXIX___XL___XLI___XLII___XLIII___XLIV___XLV___XLVI___XLVII___XLVIII___XLIX	Super Bowl	0.02	2
http://da.wikipedia.org/wiki/Danmarksserien_for_herrer		Oversigt over sæsonerne	3	Reservehold	18 (37,50%)___18 (37,50%)___19 (39,58%)___20 (41,67%)___21 (43,75%)___17 (35,42%)___16 (33,33%)___16 (33,33%)___18 (37,50%)___17 (35,42%)___17 (35,42%)___17 (35,42%)___17 (35,42%)___21 (43,75%)___19 (39,58%)___18 (37,50%)___17 (35,42%)___18 (37,50%)___19 (39,58%)___24 (48,00%)___25 (44,64%)___24 (42,86%)___20 (35,71%)___23 (41,07%)___18 (28,13%)___18 (28,13%)f___19 (29,69%)___18 (28,13%)___20 (31,25%)___20 (33,33%)___18 (32,14%)___13 (23,21%)___19 (33,93%)___21 (37,50%)___23 (41,07%)___19 (39,58%)___16 (33,33%)___17 (35,42%)___19 (39,58%)___16 (37,78%)___11 (34,38%)___12 (37,50%)___15 (46,88%)___18 (42,86%)___17 (40,48%)___14 (33,33%)___11 (26,19%)___9 (21,43%)"	"18 (28,13%)f"	0.020408163	2
http://en.wikipedia.org/wiki/Colorado_Attorney_General		List of Colorado Attorneys General	2	Order	2nd___3rd___4th___Order___1st___2nd___3rd___4th___5th___6th___7th___8th___9th___10th___11th___12th___13th___14th___15th___16th___17th___18th___19th___20th___21st___22nd___23rd___24th___25th___26th___27th___28th___29th___30th___31st___32nd___33rd___34th___35th___36th___37th	Order	0.023809524	2
http://en.wikipedia.org/wiki/List_of_World_War_II_ships		G	3	Displacement (tons)	8,000___7,800___1,090___1,620___1,335___1,525 surfaced___4,100___6,100___6,100___3,150___7,600___9,450___1,630___1,620___5,200___26,140___9,195___4,965___1,050___1,630___1,630___7,600___22,500___13,200___9,400___32,000___1,250___1,250___1,435___1,150___11,900___12,100___23,200___1,630___1,500___1,290___1,590___1,975___2,085___27,500___2,020___1,630"	"1,525 surfaced"	0.023255814	2
http://en.wikipedia.org/wiki/List_of_universities_and_colleges_in_Thailand		Public universities and colleges	2	Founded	BRU___CPRU___Chandra___CMRU___CRU___DRU___KSU___KPRU___KRU___LPRU___LRU___RMU___MCRU___NPRU___NRRU___NSRU___NSTRU___VRU___PCRU___PBRU___PNRU___ARU___PKRU___PSRU___RBRU___RERU___SNRU___SSKRU___SKRU___SDU___SSRU___SRU___SRRU___TRU___UBRU___UDRU___URU___YRU	Chandra	0.025641026	0
http://en.wikipedia.org/wiki/Port_Stanley_Sailors		Season-by-season standings	7	GA	167___123___110___111___93___90___113___156___131___85___103___157___129___208___137___163___179___208___150___101___160___207___255___302___196___193___216___148___137___232___--___246___198___240___197___283___210___242___155___137___204___141	--	0.023255814	1
http://en.wikipedia.org/wiki/List_of_MPs_for_Welsh_constituencies_2010%E2%80%93		MPs	0	MP	Kevin Brennan___Chris Bryant___Alun Cairns___Martin Caton___Ann Clwyd___Stephen Crabb___Wayne David___David Davies___Geraint Davies___Glyn Davies___Jonathan Edwards___Chris Evans___Jonathan Evans___Paul Flynn___Hywel Francis___Nia Griffith___Peter Hain___David Hanson___Simon Hart___Dai Havard___Huw Irranca-Davies___Sian James___David Jones___Susan Jones___Elfyn Llwyd___Ian Lucas___Stephen Doughty___Madeleine Moon___Jessica Morden___Paul Murphy___Albert Owen___Chris Ruane___Nick Smith___Owen Smith___Mark Tami___Hywel Williams___Mark Williams___Roger Williams___Jenny Willott	Huw Irranca-Davies	0.025	0
http://no.wikipedia.org/wiki/Aleksandra		Utbredelse	3	Andel kvinner	_________0,9 %_____________________0,6 %_________0,6 %___1 %_______________0,8 %___0,2 %______0,5 %___0,04 %___0,2 %_________0,1 %___0,07 %______0,1 %_________0,3 %___0,3 %___0,08 %__________________0,05 %___0,01 %___0,004 %_________0,0010 %___"	1%	0.020408163	0
http://es.wikipedia.org/wiki/Castillo_de_Warwick		Condes de Warwick	0	Período	1119-1153___1153-1184___1184-1203___1203-1229___1229-1242___1242-1263___1263-1268___1268-1298___1298-1315___1329-1369___1369-1401___1401-1439___1439-1446___1446-1449___1449-1471___1472-1478___1478-1499___1499-1547___1547-1553___1553-1554___1561-1590___1590-1604___1604-1628___1618-1619___1619-1658___1621-1628___1658-1659___1659-1673___1673-1675___1675-1701___1701-1721___1721-1759___1759-1773___1773-1816___1816-1853___1853-1893___1893-1924___1924-1928___1928-1984___1984-1996___1996-	1996-	0.023809524	2
http://pl.wikipedia.org/wiki/Pismo_tajskie		Charakterystyka	3	IPA | Wygłos	kh___kh___kh___kh___kh___ng___ch___ch___ch___s___ch___y___d___t___th___th___th___n___d___t___th___th___th___n___b___p___ph___f___ph___f___ph___m___y___r___l___w___s___s___s___h___l___*___h	*	0.022727273	1
http://en.wikipedia.org/wiki/List_of_ATP_number_1_ranked_doubles_players		Number 1 ranked players	0	#	2___3___4___5___6___7___8___9___10___11___12___13___14___15___16___17___18___19___20___21___22___23___24___25___26___27___28___29___30___31___32___33___34___35___36___37___38___39___40___41___42___43___44 45___46	44 45	0.022222222	2
http://en.wikipedia.org/wiki/St%C3%A9phane_de_G%C3%A9rando	Catalog of Works - Stéphane de Gérando - 3icar /icarEditions	Catalog of works	0	Year	1990___1991___1991___1992___1993___1994___1996___1996___1997___1997___1999___2004___2006___2006___2006___2006___2006___2006___2006___2006___2006___2006___2006___2006___2006___2006___2006___2007___2007___2007___2007___2007___2007___2007___2007___2007___2008___2008___2008___2008___2008___2009___2010___2010___2010___2010...	2010...	0.021276596	2
http://en.wikipedia.org/wiki/List_of_international_cricket_centuries_by_Sachin_Tendulkar		List of ODI centuries	10	Result	Won___Won___Won___Won___Lost___Lost___Won___Lost___Won___Won___Won___Won___Lost___Won___Won___Won___Won___Won___Won___Won___Won___Won___Won___Won___Lost___Lost___Won___Won___Lost___Won___N/R___Won___Won___Won___Won___Lost___Lost___Lost___Lost___Won___Won___Won___Won___Lost___Won___Tied___Lost___Lost	N/R	0.020408163	1
http://en.wikipedia.org/wiki/2011%E2%80%9312_Michigan_State_Spartans_men%27s_basketball_team		Schedule and results	5	TV	___ESPN___ESPN______BTN______ESPNU___ESPN_________ESPNU___BTN___BTN___ESPNU___BTN___BTN___ESPN2___BTN___BTN___ESPN___ESPN___BTN___ESPN___CBS___BTN___ESPN___ESPN___CBS___BTN___BTN___ESPN___CBS___ESPN___CBS___CBS___TBS___CBS___TBS	ESPN2	0.025641026	0
http://en.wikipedia.org/wiki/List_of_tallest_buildings_in_Poland		Completed	3	Roof (m)	192___188___184___159___159___154___144___140___140___128___125.4___112___107___106___106___106___105___100___97___96___94___94___92___92___90___88___88___87___85___85___84___84___83___83___82___82___82___82___81___81___81___81___81___81___81___80___80	125.4	0.020833333	0
http://de.wikipedia.org/wiki/Liste_der_Baudenkm%C3%A4ler_in_Bad_Kissingen		Baudenkmäler nach Ortsteilen	3	Akten-Nr.	D-6-72-114-131___D-6-72-114-254___D-6-72-114-2___D-6-72-114-407___D-6-72-114-5___D-6-72-114-266___D-6-72-114-252___D-6-72-114-9___D-6-72-114-10___D-6-72-114-396___D-6-72-114-12___D-6-72-114-267___D-6-72-114-397___D-6-72-114-268___D-6-72-114-269___D-6-72-114-271___D-6-72-114-272___D-6-72-114-273___D-6-72-114-14___D-6-72-114-274___D-6-72-114-275___D-6-72-114-51___D-6-72-114-276___D-6-72-114-277___D-6-72-114-256___D-6-72-114-278___D-6-72-114-15___D-6-72-114-279___D-6-72-114-280___D-6-72-114-281___D-6-72-114-282___D-6-72-114-283___D-6-72-114-284___D-6-72-114-285___D-6-72-114-286___D-6-72-114-287___D-6-72-114-288___D-6-72-114-289___D-6-72-114-290___D-6-72-114-18___D-6-72-114-291___D-6-72-114-292___D-6-72-114-293___D-6-72-114-294___D-6-72-114-295___D-6-72-114-296___D-6-72-114-297___D-6-72-114-19___D-6-72-114-298___D-6-72-114-299___D-6-72-114-300___D-6-72-114-301___D-6-72-114-302___D-6-72-114-20___D-6-72-114-367___D-6-72-114-23___D-6-72-114-258___D-6-72-114-305___D-6-72-114-259___D-6-72-114-24___D-6-72-114-31___D-6-72-114-32___D-6-72-114-33___D-6-72-114-34___D-6-72-114-306___D-6-72-114-260___D-6-72-114-307___D-6-72-114-36___D-6-72-114-398___D-6-72-114-37___D-6-72-114-308___D-6-72-114-309___D-6-72-114-262___D-6-72-114-270___D-6-72-114-39___D-6-72-114-311___D-6-72-114-40___D-6-72-114-41___D-6-72-114-42___D-6-72-114-43___D-6-72-114-44___D-6-72-114-45___D-6-72-114-46___D-6-72-114-47___D-6-72-114-48___D-6-72-114-49___D-6-72-114-304___D-6-72-114-52___D-6-72-114-53___D-6-72-114-54___D-6-72-114-55___D-6-72-114-56___D-6-72-114-312___D-6-72-114-57___D-6-72-114-58___D-6-72-114-60___D-6-72-114-61___D-6-72-114-62___D-6-72-114-63___D-6-72-114-64___D-6-72-114-65___D-6-72-114-66___D-6-72-114-313___D-6-72-114-314___D-6-72-114-315___D-6-72-114-316___D-6-72-114-317___D-6-72-114-318___D-6-72-114-319___D-6-72-114-320___D-6-72-114-73___D-6-72-114-74___D-6-72-114-321___D-6-72-114-253___D-6-72-114-303___D-6-72-114-27___D-6-72-114-29___D-6-72-114-28___D-6-72-114-111___D-6-72-114-70___D-6-72-114-71___D-6-72-114-72___D-6-72-114-322___D-6-72-114-323___D-6-72-114-324___D-6-72-114-325___D-6-72-114-76___D-6-72-114-326___D-6-72-114-79___D-6-72-114-327___D-6-72-114-80___D-6-72-114-328___D-6-72-114-329___D-6-72-114-330___D-6-72-114-331___D-6-72-114-332___D-6-72-114-82___D-6-72-114-83___D-6-72-114-84___D-6-72-114-333___D-6-72-114-87___D-6-72-114-334___D-6-72-114-263___D-6-72-114-335___D-6-72-114-336___D-6-72-114-337___D-6-72-114-88___D-6-72-114-90___D-6-72-114-91___D-6-72-114-338___D-6-72-114-340___D-6-72-114-341___D-6-72-114-342___D-6-72-114-343___D-6-72-114-129___D-6-72-114-368___D-6-72-114-369___D-6-72-114-264___D-6-72-114-92___D-6-72-114-344___D-6-72-114-345___D-6-72-114-346___D-6-72-114-347___D-6-72-114-348___D-6-72-114-349___D-6-72-114-350___D-6-72-114-94___D-6-72-114-95___D-6-72-114-96___D-6-72-114-97___D-6-72-114-399___D-6-72-114-255___D-6-72-114-121___D-6-72-114-400___D-6-72-114-352___D-6-72-114-353___D-6-72-114-354___D-6-72-114-355___D-6-72-114-356___D-6-72-114-99___D-6-72-114-101___D-6-72-114-68___D-6-72-114-357___D-6-72-114-102___D-6-72-114-103___D-6-72-114-104___D-6-72-114-105___D-6-72-114-106___D-6-72-114-359___D-6-72-114-265___D-6-72-114-360___D-6-72-114-361___D-6-72-114-108___D-6-72-114-362___D-6-72-114-363___D-6-72-114-109___D-6-72-114-112___D-6-72-114-113___D-6-72-114-114___D-6-72-114-406___D-6-72-114-394___D-6-72-114-115___D-6-72-114-364___D-6-72-114-117	D-6-72-114-9	0.019512195	0
http://en.wikipedia.org/wiki/List_of_asteroids/180101%E2%80%93180200			0	Name	180102 -___180103___180104 -___180105 -___180106 -___180107 -___180108 -___180109 -___180110 -___180111 -___180112 -___180113 -___180114 -___180115 -___180116 -___180117 -___180118 -___180119 -___180120 -___180121 -___180122 -___180123 -___180124 -___180125 -___180126 -___180127 -___180128 -___180129 -___180130 -___180131 -___180132 -___180133 -___180134 -___180135 -___180136 -___180137 -___180138 -___180139 -___180140 -___180141 Sperauskas___180142 -___180143 -___180144 -___180145 -___180146 -___180147 -___180148 -___180149 -___180150 -___180151 -___180152 -___180153 -___180154 -___180155 -___180156 -___180157 -___180158 -___180159 -___180160 -___180161 -___180162 -___180163 -___180164 -___180165 -___180166 -___180167 -___180168 -___180169 -___180170 -___180171 -___180172 -___180173 -___180174 -___180175 -___180176 -___180177 -___180178 -___180179 -___180180 -___180181 -___180182 -___180183 -___180184 -___180185 -___180186 -___180187 -___180188 -___180189 -___180190 -___180191 -___180192 -___180193 -___180194 -___180195 -___180196 -___180197 -___180198 -___180199 -___180200 -	180141 Sperauskas	0.02	2
http://en.wikipedia.org/wiki/1993_Yokohama_Fl%C3%BCgels_season		Player statistics	4	Height / Weight | Apps	180 cm / 75 kg___170 cm / 61 kg___173 cm / 64 kg___180 cm / 75 kg___184 cm / 75 kg___183 cm / 73 kg___182 cm / 72 kg___176 cm / 74 kg___177 cm / 66 kg___170 cm / 70 kg___185 cm / 75 kg___186 cm / 80 kg___178 cm / 72 kg___177 cm / 72 kg___170 cm / 65 kg___180 cm / 72 kg___184 cm / 80 kg___160 cm / 58 kg___179 cm / 73 kg___170 cm / 64 kg___181 cm / 74 kg___175 cm / 75 kg___170 cm / 65 kg___179 cm / 73 kg___178 cm / 72 kg___176 cm / 74 kg___170 cm / 63 kg___174 cm / 69 kg___178 cm / 70 kg___174 cm / 66 kg___182 cm / 76 kg___170 cm / 63 kg___180 cm / 76 kg___190 cm / 85 kg___180 cm / 74 kg___185 cm / 80 kg___180 cm / 72 kg___171 cm / 65 kg___180 cm / 68 kg___177 cm / 62 kg___166 cm / 62 kg___- cm / - kg	#NAME?	0.023255814	2
http://tr.wikipedia.org/wiki/2010_T%C3%BCrkiye_anayasa_de%C4%9Fi%C5%9Fikli%C4%9Fi_referandumu		Sonuç	4	Geçersiz oy	4.863___10.469___6.044___4.080___3.823___36.356___19.627___1.800___2.131___12.577___13.553___4.255___6.487___655___2.750___3.001___5.419___3.474___4.476___27.663___5.561___2.106___5.637___12.644___17.374___3.568___4.614___5.942___1.515___6.962___8.294___15.246___4.285___1.200___1.122___10.651___1.881___6.061___102.512___37.335___7.881___3.531___3.336___3.508___5.771___11.518___1.307___2.751___3.314___2.475___16.548___20.264___8.215___4.613___18.656___8.192___13.744___9.248___4.924___3.085___4.239___8.700___4.771___2.940___9.140___12.906___9.961___4.306___3.106___6.577___5.092___7.288___5.972___7.635___658___5.379___10.701___2.105___3.769___10.918___1.562___725.852	658	0.024096386	0
http://de.wikipedia.org/wiki/Liste_der_Eisenbahnlinien_in_Brandenburg_und_Berlin		Linienübersicht	0	Linie	RE 2___RE 4___RE 5___RE 6___RE 7___RE 10___RE 11___RE 11___RE 15___RE 18___RB 10___RB 12___RB 13___RB 13___RB 14___RB 20___RB 21___RB 22___RB 23___RB 25___RB 26___RB 30___RB 31___RB 33___RB 35___RB 36___RB 43___RB 45___RB 46___RB 49___RB 51___RB 51___RB 54___RB 55___RB 60___RB 63___RB 63V___OE 65___RB 66___RB 70___RB 73___RB 74___RB 91	RB 63V	0.022727273	2
http://it.wikipedia.org/wiki/Servizi_televisivi_di_Sky_Italia		Servizi televisivi attualmente disponibili	3	Lingua	italiano___italiano___italiano___italiano___italiano___italiano___italiano___italiano___italiano___italiano___italiano___italiano___italiano___italiano___italiano___italiano___italiano___italiano___italiano___italiano___italiano___italiano___italiano___italiano___italiano___italiano___italiano___italiano___italiano___italiano___italiano___italiano___italiano___italiano___italiano___italiano___italiano___italiano___italiano___italiano___italiano___italiano___inglese___inglese___inglese___inglese___francese tedesco	francese tedesco	0.020833333	0
http://fr.wikipedia.org/wiki/Villes_du_Canada_par_population			4	Population 2011	1 649 519___1 096 833___901 895___812 201___713 443___663 617___603 502___519 949___516 622___523 911___468 251___390 096___401 553___366 151___301 709___265 349___288 301___231 409___210 891___219 153___223 218___222 189___193 100___190 473___182 520___175 779___185 541___160 274___154 601___144 746___149 607___131 400___138 769___135 711___131 338___133 497___126 748___123 363___121 688___126 456___122 022___108 359___109 752___103 671___117 312___97 398___106 172___98 780___99 863___106 322___104 177___93 650___109 600___88 721___92 394___90 564___84 412___92 490___82 997___85 678___83 810___80 017___84 548___82 000___75 141___78 698___83 517___73 214___79 978___72 366___79 273___71 974___77 936___76 052___70 063___71 852___69 074___68 456___63 175___65 976___61 466___59 460___60 005___59 008___53 651___84 362___56 342___50 060___53 236___65 565___56 224___50 631___49 637___49 454___63 433___53 203___55 032___53 510___46 340	1 649 519	0.02	0
http://zh.wikipedia.org/zh-tw/%E7%9A%86%E5%A4%A7%E6%AD%A1%E5%96%9C_(%E6%99%82%E8%A3%9D%E9%9B%BB%E8%A6%96%E5%8A%87)		各集主題	0	集數	402___403___404___405___406___407___408___409___410___411___412___413___414___415___416___417___418___419___420___421___422___423___424___425___426___427___428___429___430___431___432___433___434___435___436___437___438___439___440___441___442___[1] 443	[1] 443	0.023255814	2
http://it.wikipedia.org/wiki/Nazionale_di_calcio_degli_Stati_Uniti		Albo d’oro	0	Copa América | Edizione	1917___1919___1920___1921___1922___1916___1923___1924___1925___1926___1927___1929___1935___1937___1939___1941___1942___1945___1946___1947___1949___1953___1955___1956___1957___1959___1959 (II)___1963___1967___1975___1979___1983___1987___1989___1991___1993___1995___1997___1999___2001___2004___2007___2011	1959 (II)	0.022727273	2
http://en.wikipedia.org/wiki/Four_wall_paddleball		Champions	0	Year	1963___1964___1965___1966___1967___1968___1969___1970___1971___1972___1973___1974___1975___1976___1977___1978___1979___1980___1981___1982___1983.___1984___1985___1986___1987___1988___1989___1990___1991___1992___1993___1994___1995___1996___1997___1998___1999___2000___2001___2002___2003___2004___2005___2006___2007___2008___2009	1983	0.020833333	0
http://en.wikipedia.org/wiki/List_of_townlands_of_County_Kilkenny		M	4	Barony	Knocktopher___Knocktopher___Gowran___Shillelogher___Shillelogher and Muni. Borough___Kells___Kells___Kells___Kells___Kells___Kells___Knocktopher___Kells___Shillelogher___Shillelogher and Muni. Borough___Fassadinin___Fassadinin___Gowran___Callan___Kells___Kells___Kells___Ida___Kells___Crannagh___Gowran___Kells___Ida___Knocktopher___Ida___Ida___Gowran___Callan___Callan___Kells___Callan___Kells___Callan___Ida___Knocktopher___Gowran___Crannagh___Fassadinin___Fassadinin___Callan___Iverk___Crannagh___Kells___Crannagh___Crannagh___Kells___Kells___Crannagh___Callan___Kells___Crannagh___Shillelogher___Iverk___Kells___Gowran___Galmoy___Fassadinin___Knocktopher___Galmoy___Galmoy___Galmoy___Knocktopher___Iverk___Gowran___Iverk___Shillelogher___Ida___Galmoy___Crannagh___Knocktopher___Gowran___Iverk___Gowran___Gowran___Fassadinin___Fassadinin___Crannagh___Fassadinin___Shillelogher___Galmoy___Callan___Iverk___Ida___Knocktopher___Ida___Knocktopher___Ida___Gowran___Ida___Knocktopher	Shillelogher and Muni. Borough	0.020833333	0
http://en.wikipedia.org/wiki/Georgia_Tech_Yellow_Jackets_football		Individual achievements	0	Name	Ray Beck___Don Bessillieu___Jim Breland___George Broadnax___Durant Brooks___Chris Brown___Pete Brown___Gerry Bussell___Walker Carpenter___Marco Coleman___Bobby Davis___John Davis___A.M. Day___Paul Duke___Bill Fincher___Smylie Gebhart___Rufus Guthrie___Joe Guyon___Joe Hamilton___Leon Hardeman___Harvey Hardy___Bill Healy___Robert Ison___Calvin Johnson___Michael Johnson___Billy Lothridge___Billy Martin___Buck Martin___Hal Miller___Warner Mizell___Derrick Morgan___Bobby Moorhead___George Morris___Larry Morris___Craig Page___Rock Perdoni___Peter Pund___Randy Rhino___Coleman Rudolph___Lucius Sanford___Scott Sisson___Lenny Snow___Frank Speer___John Steber___Don Stephenson___Everett Strupper___Ken Swilling___Pat Swilling___Phil Tinsley___Lamar Wheat	A.M. Day	0.019607843	1
http://it.wikipedia.org/wiki/Elenco_delle_vittorie_del_Palio_di_Castel_del_Piano			1	Contrada vittoriosa	Storte___Storte___Borgo___Poggio___Monumento___Storte___non assegnato causa contestazioni___Monumento___Borgo___Borgo___Borgo___Monumento___Storte___Monumento___Borgo___Poggio___Poggio___Borgo___Borgo___Monumento___Poggio___Storte___Borgo___Storte___Borgo___Poggio___Borgo___Borgo___Storte___Monumento___Borgo___Storte___Storte___Poggio___Storte___Storte___Poggio___Storte___Monumento___Poggio___Storte___Monumento___Borgo___Monumento___Borgo___Storte___Monumento	non assegnato causa contestazioni	0.020833333	0
http://en.wikipedia.org/wiki/List_of_Wikipedias?level=1		List	6	Edits	391,973___253,732___132,371___467,481___285,358___379,273___285,548___315,999___151,798___281,768___365,356___144,416___286,628___339,419___214,069___404,557___133,158___94,588___42,748___102,788___155,449___290,701___173,487___82,104___195,859___157,256___278,851___104,377___300,618___143,538___114,511___338,014___123,462___141,217___92,232___51,007___124,761___121,835___166,473___213,709___59,476___144,989___89,547___54,110___101,339___156,333___157,095___209,982___237,124___133,253___161,391___114,013___242,695___139,096___77,712___129,415___100,721___117,054___178,827___2,120,595___93,679___170,466___179,471___58,056___48,557___150,296___126,735___75,586___108,786___187,312___86,460___220,297___86,551___116,771___110,369___48,279___101,848___75,899___69,464___101,326___75,327___120,416___46,443___128,079___33,488___90,025___70,257___76,010___54,641___37,744___54,549___72,584___78,687___45,804___39,533___98,814___108,933___46,425___32,288___99,323___51,423___37,984"	"2,120,595"	0.019417476	0
http://fr.wikipedia.org/wiki/R%C3%A9f%C3%A9rendum_constitutionnel_irlandais_de_2008		Résultats	2	Exprimés	49 649___40 617___42 398___35 120___35 358___49 455___32 184___25 654___27 946___28 265___31 833___45 077___31 245___29 991___26 394___51 342___36 181___42 170___27 871___28 421___49 810___40 124___42 844___28 120___27 257___36 815___27 858___56 992___39 444___29 958___42 065___44 565___48 822___34 148___32 589___33 962___29 228___32 750___29 756___38 474___53 369___52 272___1 621 037	1 621 037	0.022727273	0
http://en.m.wikipedia.org/wiki/List_of_largest_U.S._law_firms_by_number_of_lawyers			5	Associates	1,243___1,300___1,454___1,313___1,482___1,358___776___584___791___852___686___778___764___649___750___819___586___569___614___686___534___366___630___521___351___334___547___344___530___364___414___308___595___588___355___336___391___339___428___354___562___545___525___386___349___309___424___464___269___244___406___388___382___426___353___445___380___250___240___214___246___337___260___361___380___260___419___234___255___257___177___177___193___218___164___218___166___226___354___215___122___183___181___334___194___167___163___175___145___164___104___215___275___142___133___184___215___196___159___154___166___229___192___145___111___150___161___120___210___223___129___113___162___169___169___125___195___283___117___168___85___168___127___116___119___217___139___79___94___92___87___182___87___89___132___87___80___151___96___231___180___169___127___177___95___86___104___94___199___70___137___98___84___91___123___62___80___76___129___138___90___60___111___89___160___137___72___63___123___94___69___80___64___75___66___71___59___47___40___54___67___87___77___51___102___72___72___59___42___48___94___62___77___64______66___64___65___73___73___56___89___59___82___62___37___59___48___70___43___61___116___67___127___28___84___47___62___69___68___35___65___63___43___29___92___86___112___56___70___47___60___99___76___42___55___63___58___104___74___31___65___56___49___51___64___36___46___41___67___100___38___60___53___58___30___69___28___51___60___87___39___28___49___98___52___33___52___58___51___69___82___28___77___45___49___58___50___54___56___76___53___29___37___31___54___38___63___45___30___54___43___53___58___43___42___56___54___62___53___50___45___52___49___36___40___67___95___34___46___31___38___46___42___34___40___70___26___37___35___45___31___30___40___31___32___47___69___35___33___23___78___82___26___44___53___72___29___26___27___24___52___51___76___29___21___41___60___25"	"1,358"	0.022857143	0
http://pt.wikipedia.org/wiki/Anexo:Unidades_Residenciais_do_Bairro_Camobi_(Santa_Maria)		Demografia	3	Densidade	5,92___20,67___9,57___448,57___12743,94___1063,52___253,49___6961,21___828,52___9157,94___237,62___2052,20___444,67___1578,02___3164,27___5508,08___3155,66___5477,54___717,93___1185,34___9181,94___5679,83___6936,26___4282,17___10464,23___4090,22___1310,31___8005,91___4816___6141,74___31,03___8,99___2611,93___3,98___2333,27___578,89___3062,86___3578,50___1290,07___13040,18___2,11___15,72___1981,19___1241,72___4,24___3382,84___401,63___2591,00___3222,18___3106,82___146,67"	4816	0.019230769	2
http://en.wikipedia.org/wiki/List_of_sportspeople_who_died_during_their_careers		Association football	3	Position	defender___forward___striker___forward______striker___striker___striker___goalkeeper___defender___defender___goalkeeper___defender___striker___striker___winger___striker___midfielder___striker___defender___defender___defender___midfielder___midfielder___defender___goalkeeper___striker______defender___winger___striker___winger___midfielder___midfielder___defender___defender___midfielder___midfielder___midfielder___goalkeeper___defender___midfielder___midfielder___defender___midfielder___defender___midfielder___midfielder___midfielder___winger___striker___defender___midfielder___midfielder___striker______midfielder___striker___winger___winger___defender___winger___striker___midfielder___defender___striker___goalkeeper___defender___striker___striker___goalkeeper___winger___midfielder___defender___striker___goalkeeper___goalkeeper___striker___midfielder___midfielder___defender______goalkeeper___defender___striker___defender___midfielder___striker___striker___goalkeeper___goalkeeper___midfielder___defender___forward___midfielder___striker___forward___defender___striker___midfielder___defender______midfielder___defender___striker_________striker___midfielder___defender___winger___midfielder______full-back___striker___winger___goalkeeper___striker___striker___midfielder___striker___striker___goalkeeper___defender___midfielder___goalkeeper______forward___defender___striker___midfielder___midfielder___defender___defender___midfielder______midfielder___defender______midfielder___striker___winger___striker___midfielder___defender______defender___striker___midfielder___midfielder___striker___defender___midfielder___striker___striker___midfielder___midfielder___midfielder___midfielder___striker___striker___midfielder___defender___midfielder___striker___striker___striker___defender___forward___midfielder___midfielder___half-back___striker___defender___winger___striker___defender___midfielder___goalkeeper___goalkeeper___goalkeeper___striker___midfielder___defender___striker___goalkeeper___midfielder___striker___striker___goalkeeper___defender___striker___midfielder___midfielder___striker___defender___striker___striker___defender___midfielder___striker___goalkeeper___winger___midfielder___defender___striker___midfielder___defender___midfielder (youth team)___defender___midfielder___goalkeeper___goalkeeper___defender___midfielder___midfielder___midfielder___goalkeeper___midfielder___defender___defender___forward___defender___striker___midfielder___defender___striker___goalkeeper___defender___striker___defender/striker___defender___defender___defender___defender______striker___striker______defender___defender___striker___striker___striker___midfielder___midfielder___midfielder___midfielder___goalkeeper___defender___goalkeeper___midfielder___striker___midfielder___midfielder___midfielder___goalkeeper___goalkeeper___midfielder___midfielder___defender______forward___striker___midfielder___defender___centre forward___striker___midfielder___goalkeeper___midfielder___striker___striker___midfielder___goalkeeper___midfielder___Striker___Defender	defender/striker	0.021505376	2
http://de.wikipedia.org/wiki/Judge_Advocate_General%E2%80%99s_Corps		US Navy	2	Ende der Berufung	2012___14. August 2009___2006___2004___2002___2000___1997___1993___1992___1990___1988___1986___1984___1982___1980___1978___1976___1975___1972___1968___1964___1960___1956___1952___1948___1945___1943___1938___1936___1934___1931___1929___1925___1921___	14. August 2009	0.023809524	2
http://it.wikipedia.org/wiki/Coppa_UEFA_2004-2005		Tabellone principale	1	Tot.	0 - 6___1 - 2___2 - 4___5 - 3___4 - 1___0 - 5___3 - 1___3 - 2___4 - 2___2 - 0___7 - 1___4 - 3___5 - 5___4 - 3___2 - 4___9 - 1___1 - 2___1 - 3___1 - 5___1 - 3___4 - 1___1 - 2___1 - 1___6 - 1___3 - 4___1 - 7___3 - 2___1 - 2___0 - 5___2 - 0___1 - 5___4 - 1___6 - 1___3 - 5___1 - 2___9 - 0___2 - 1___1 - 1 (2-4 rig.)___1 - 5	1 - 1 (2-4 rig.)	0.025	2
http://fr.wikipedia.org/wiki/Beretta_92F		Modèles	2	Longueur (mm)	217___217___217___217___217___217___217___211___211___211___217___217___211___211___211___217___217___217-242___217___217___217___217___197___197___197___197___197___197___217___197___217___211___217___217___217___217___217___211___211___211___211___211___211___217___217___217___197	217-242	0.020833333	2
"http://en.wikipedia.org/wiki/Members_of_the_Victorian_Legislative_Assembly,_1976%E2%80%931979"			1	Party	Liberal___Liberal___Liberal___Liberal___Liberal___Liberal___Labor___Labor___Liberal___Liberal___Liberal___Labor___Liberal___Labor___Liberal___Labor___Liberal___Liberal___Labor___National___Liberal___Labor___Labor___Liberal/Independent___Labor___Liberal___Liberal___Liberal___National___Liberal___Labor___Liberal___National___Liberal/Independent___Liberal___Labor___Liberal___Labor___Liberal___Liberal___Labor___Liberal___Liberal___Liberal___Liberal___National___Liberal___National___Liberal___Liberal___Independent___Liberal___Liberal___Liberal___Liberal___Liberal___Labor___Liberal___Labor___National___Liberal___Labor___Labor___Labor___Liberal___Liberal___Liberal___Liberal___Labor___Liberal___Liberal___Liberal___Labor___Labor___National___Liberal___Liberal___Liberal___National___Labor___Liberal___Labor___Liberal	Liberal/Independent	0.023809524	2
http://fi.wikipedia.org/wiki/Rolling_Stones_Records		Diskografia	2	Sijoitus Britannian singlelistalla	-___12___3___1___-___-___1___-___1___1___1___-___3___1___-___-___5___3___8___-___1___1___2___21___-___5___-___5___10___6___3___-___-___23___9___33___7___50___-___26___11___42___13___-___36___63___31___-___29___59___14___23___36___29___12___--___22___26___51___36___14___15	--	0.020833333	1
http://en.wikipedia.org/wiki/List_of_countries_by_steel_production	Crude steel production (million tonnes):	Countries	3	2008	500.3___198.2___118.7___91.4___57.8___68.5___53.6___45.8___26.8___33.7___37.3___30.6___19.9___17.2___17.9___10.0___14.8___18.6___13.5___9.7___10.7___7.6___8.3___6.8___6.2___6.4___4.7___6.4___2.7___5.5___7.6___4.5___5.2___5.2___4.3___5.0___4.4___3.9___2.6___4.2___2.6___28.6 (est.)	28.6 (est.)	0.023255814	2
http://fr.wikipedia.org/wiki/D%C3%A9c%C3%A8s_en_mai_2008		Mai 2008	3	Âge	21___85___85___107___64___73___62___80___86___113___72___77___18___51___90___81___80___63___43___87___96___94___88___94___73___51___66___92___78___86___82___85___26___55___84___68___79___84___80___26___70___79___78___83___?___76___68___60___90___52	?	0.019607843	1
http://it.wikipedia.org/wiki/Albo_d%27oro_del_doppio_maschile_dell%27Australian_Open			0	Anno	1906___1907___1908___1909___1910___1910___1912___1913___1914___1915___1919___1920___1921___1922___1923___1924___1925___1926___1927___1928___1929___1930___1931___1932___1933___1934___1935___1936___1937___1938___1939___1940___1946___1947___1948___1949___1950___1951___1952___1953___1954___1955___1956___1957___1958___1959___1960___1961___1962___1963___1964___1965___1966___1967___1968___1969___1970___1970___1972___1973___1974___1975___1976___1977 Gen.___1977 Dic.___1978___1979___1980___1980___1982___1983___1984___1985___1987___1988___1989___1990___1990___1992___1993___1994___1995___1996___1997___1998___1999___2000___2000___2002___2003___2004___2005___2006___2007___2008___2009___2010___2011___2012___2013	1977 Dic.	0.01980198	2
http://ru.wikipedia.org/wiki/%D0%A1%D0%BF%D0%B8%D1%81%D0%BE%D0%BA_%D0%BB%D0%B8%D0%B4%D0%B5%D1%80%D0%BE%D0%B2_%D0%BA%D0%B8%D0%BD%D0%BE%D0%BF%D1%80%D0%BE%D0%BA%D0%B0%D1%82%D0%B0_%D0%A1%D0%A8%D0%90_2003_%D0%B3%D0%BE%D0%B4%D0%B0		Список	3	Сборы	$17 548 993___$16 580 209___$12 024 917___$16 302 063___$23 774 850___$18 092309___$16 521 468___$31 101 026___$22 054 934___$16 204 468___$13 503 484___$15 021 088___$25 005 588___$16 225 263___$85 558 731___$40 032 160___$67 953 330___$50,472,480___$37,634,221___$44,041,440___$46,630,690___$46,522,560___$33,369,440___$37,062,535___$13,152,967___$15,269,324___$6,660,540___$23,424,118___$21,753,759___$18,553,765___$19,622,714___$22,089,322___$28,094,014___$20,017,468___$48,475,154___$38,329,160___$24,459,685___$24,271,354___$16,064,723___$50,598,104"	$18 092309	0.024390244	0
http://nl.wikipedia.org/wiki/UEFA_Cup_2003/04		Voorronde	4	2de wed	0 - 4___2 - 3___4 - 1___3 - 1___2 - 1___2 - 0___2 - 0___1 - 1___0 - 2___1 - 1___3 - 1___0 - 3___3 - 0___0 - 2___0 - 0___0 - 7___2 - 0___4 - 0___3 - 0___2 - 2___2 - 2___0 - 1___0 - 5___4 - 1___1 - 3___0 - 3___5 - 0___1 - 1___3 - 0___3 - 2___1 - 2 (n.v.)___0 - 1___0 - 1___4 - 0___0 - 2___3 - 2___2 - 0___2 - 0___1 - 0___0 - 6	1 - 2 (n.v.)	0.024390244	2
http://en.wikipedia.org/wiki/List_of_village_municipalities_in_Quebec		List	2	Area (km²)	378.20___11.15___536.33___11.75___8.31___3.44___204.34___115.38___3.05___33.28___0.85___6.26___1.08___176.26___31.67___12.43___17.40___182.95___1.29___60.45___3.23___4.22___71.56___2.66___9.09___91.16___4.24___2.35___5.25___157.75___1.61___45.68___10.60___270.88___5.30___4.50___7.84___66,31___74.59___25.71___43.17___1.73___5.28"	"66,31"	0.022727273	2
http://ja.wikipedia.org/wiki/%E6%B1%9F%E6%88%B8%E3%81%AE%E6%97%8B%E9%A2%A8		放映リスト	1	放送日	1977/04/14___1977/04/21___1977/04/28___1977/05/05___1977/05/12___1977/06/16___1977/06/23___1977/06/30___1977/07/07___1977/07/21___1977/07/28___1977/08/11___1977/08/25___1977/09/01___1977/09/08___1977/09/15___1977/09/29___1977/10/06___1977/10/13___1977/10/20___1977/11/3___1977/11/17___1977/11/24___1977/12/01___1977/12/15___1977/12/22___1977/12/29___1978/01/05___1978/01/12___1978/01/19___1978/01/26___1978/02/02___1978/02/09___1978/02/16___1978/03/02___1978/03/09___1978/03/16___1978/03/23___1978/04/06___1978/04/13___1978/04/20___1978/04/27	11/3/1977	0.023255814	0
http://tr.wikipedia.org/wiki/%C4%B0stanbul_il%C3%A7eleri		Nüfus	9	2008	163.510___351.046___333.944___720.819___571.683___214.810___207.542___268.276___185.373___243.454___185.633___245.064___163.140___62.339___147.352___464.557___373.017___323.038___443.955___460.675___314.271___533.452___415.130___426.748___669.081___417.605___541.619___229.093___277.372___124.601___282.026___444.295___28.571___312.666___170.453___553.935___524.889___-___288.058___12.697.164	12.697.164	0.025	1
http://en.wikipedia.org/wiki/List_of_asteroids/42101%E2%80%9342200			0	Name	42102 -___42103 -___42104 -___42105 -___42106 -___42107 -___42108 -___42109 -___42110 -___42111 -___42112 -___42113 Jura___42114 -___42115 -___42116 -___42117 -___42118 -___42119 -___42120 -___42121 -___42122 -___42123 -___42124 -___42125 -___42126 -___42127 -___42128 -___42129 -___42130 -___42131 -___42132 -___42133 -___42134 -___42135 -___42136 -___42137 -___42138 -___42139 -___42140 -___42141 -___42142 -___42143 -___42144 -___42145 -___42146 -___42147 -___42148 -___42149 -___42150 -___42151 -___42152 -___42153 -___42154 -___42155 -___42156 -___42157 -___42158 -___42159 -___42160 -___42161 -___42162 -___42163 -___42164 -___42165 -___42166 -___42167 -___42168 -___42169 -___42170 -___42171 -___42172 -___42173 -___42174 -___42175 -___42176 -___42177 -___42178 -___42179 -___42180 -___42181 -___42182 -___42183 -___42184 -___42185 -___42186 -___42187 -___42188 -___42189 -___42190 -___42191 Thurmann___42192 -___42193 -___42194 -___42195 -___42196 -___42197 -___42198 -___42199 -___42200 -	42113 Jura	0.02	2
http://tr.wikipedia.org/wiki/EuroBasket		Katılım detayları	18	Toplam	6___13___6___23___9___2___24___3___5___4___4___4___2___12___33___21___1___23___14___1___25___33___10___2___11(12)___3___14___24___2___17___9___2___2___6___9___21___27___9___5___1___20___4___21	11(12)	0.022727273	2
http://en.wikipedia.org/wiki/Crime_in_St._Louis	Index crime and homicides in St. Louis City (1930–2012)	Crime trends	3	Index crime rate	______1,556.5___1,810.8___5174.5___11,480.7___11,195.5___11,238.8___11,839.8___12,509.4___13,501.8___12,417.8___11,390.7___11,570.4___12,583.0___14,437.1___13,892.9___13,286.1___11,219.4___10,762.7___11,491.3___11,909.1___12,801.4___13,456.4___15,474.8___14,844.5___16,031.4___14,799.6___16,648.4___16,350.7___16,082.9___15,128.8___13,576.7___14,952.4___13,998.2___14,547.6___15,024.1___14,285.7___15,369.0___13,654.2___13,458.8___14,215.9___11,934.3___10,619.2___10,401.8___10,580.2___9,866.9___8,678.7"	5174.5	0.020408163	2
http://pl.wikipedia.org/wiki/Port_lotniczy_Abu_Zabi	Linie lotnicze z Portu lotniczego Abu Zabi	Linie lotnicze i połączenia	2	Terminal	1___1___2___1___1___1___2___1___1___1___1___1___3___1___2___1___1___2___1___1___1___1___2___1___2 -___1___1___1___1___2___1___2___2___1___1___2___1___3___2	2 -	0.025	2
http://zh.wikipedia.org/wiki/%E9%84%82%E4%BC%A6%E6%98%A5%E6%97%8F		中国鄂伦春族人口分布	1	总人口	1,242,612,226___104,864,179___145,896,933___358,849,244___350,658,477___89,258,221___193,085,172___36,237,576___23,323,347___41,824,412___26,802,191___66,684,419___13,569,194___89,971,789___85,225,007___73,043,577___34,097,947___43,854,538___16,407,734___91,236,854___18,459,511___58,999,948___9,848,731___25,124,282___5,486,393___63,274,173___82,348,296___35,247,695___59,508,870___42,360,089___35,365,072___40,397,598___30,512,763___45,930,651___32,471,242___7,559,035___4,822,963___2,498,600"	"1,242,612,226"	0.025641026	0
http://en.wikipedia.org/wiki/Prix_de_l%27Abbaye_de_Longchamp		Winners since 1972	0	Year	1973___1974___1975___1976 (dh)___1977___1978___1979___1980___1981___1982___1983___1984___1985___1986___1987___1988___1989___1990___1991___1992___1993___1994___1995___1996___1997___1998___1999___2000___2001___2002___2003___2004___2005___2006___2007___2008___2009___2010___2011___2012___2013	1976 (dh)	0.023809524	2
http://es.wikipedia.org/wiki/Autopistas_de_Espa%C3%B1a		Autopistas y autovías en entorno urbano	1	Identificador	A-70___AI-81___A-51___AL-12___B-10___BA-11___BU-11___CA-31___CC-11___CT-31___CS-22___CO-20___CU-11___A-78___FE-11___GJ-10___GR-12___CM-10___H-30___E-20___LL-11___LE-11___LO-20___LU-11___M-11___MA-20___C-31D___ME-11___MU-30___OU-11___O-11___P-11___PA-30___PO-10___S-10___SC-11___SA-20___SG-20___SE-020___SO-20___T-11___TO-20___V-11___VA-11___VG-10___N-102___Z-30	C-31D	0.020833333	0
