http://pt.wikipedia.org/wiki/Atletismo_nos_Jogos_Ol%C3%ADmpicos_de_Ver%C3%A3o_de_2012_-_Salto_triplo_masculino		Qualifica????o	4	#1	17.17 (-0.4)___16.82 (-0.5)___17.00 (+0.6)___X___16.67 (-1.0)___16.56 (-0.5)___16.86 (-1.2)___16.59 (-1.3)___16.14 (0.0)___X___X	X___17.17 (-0.4)	-7.5625	2
http://en.wikipedia.org/wiki/List_of_QI_episodes		Series	4	Original airdate	22 December 2008___9 January 2009 10 January 2009 (XL edition)___16 January 2009 17 January 2009 (XL edition)___23 January 2009 24 January 2009 (XL edition)___30 January 2009 31 January 2009 (XL edition)___6 February 2009 7 February 2009 (XL edition)___13 February 2009 14 February 2009 (XL edition)___20 February 2009 21 February 2009 (XL edition)___27 February 2009 28 February 2009 (XL edition)___6 March 2009 7 March 2009 (XL edition)___20 March 2009 21 March 2009 (XL edition)	22 December 2008___6 February 2009 7 February 2009 (XL edition)	-5.533333333	2
http://en.wikipedia.org/wiki/Hawaii?tag=beachtent.biz-20		Geography and environment	4	Density	198.630/sq mi (76.692/km2)___1,597.46/sq mi (616.78/km2)___121.168/sq mi (46.783/km2)___28.250/sq mi (10.9074/km2)___22.313/sq mi (8.615/km2)___2.45/sq mi (0.944/km2)___0"	"0___1,597.46/sq mi (616.78/km2)"	-5.658333333	2
http://en.wikipedia.org/wiki/2007_College_Baseball_All-America_Team		All-Americans	7	Notes	Johnny Bench Award___Made BA team as DH, 74 career home runs (9th in Division I), Bronze Medal at 2008 Olympics___Collegiate Baseball Co-POY___2006 Collegiate Baseball POY"	"Made BA team as DH, 74 career home runs (9th in Division I), Bronze Medal at 2008 Olympics___Johnny Bench Award"	-10.13560705	0
http://de.wikipedia.org/wiki/Boeing-Stearman_PT-17		Technische Daten	1	Daten	7,63 m___2,8 m___Ein Continental R-670 mit 164 kW (220 PS)___880 kg___1230 kg___200 km/h___480 km___450 PS"	Ein Continental R-670 mit 164 kW (220 PS)___1230 kg	-7.690722897	2
http://en.wikipedia.org/wiki/A_roads_in_Zone_7_of_the_Great_Britain_numbering_scheme		Single and double digit roads	3	Notes	The Collins 2012 Collins Big Road Atlas shows the A70 as one of the five most dangerous roads in Scotland based on serious and fatal accidents between 2007 and 2009 in proportion to traffic. 74 miles (119 km) long.___Around 70 miles (112 km) long.___63 miles (101 km) long.___37 miles (60 km) long.___7.5 miles (12.1 km) long, making it the second shortest 2-digit A-road in the UK."	The Collins 2012 Collins Big Road Atlas shows the A70 as one of the five most dangerous roads in Scotland based on serious and fatal accidents between 2007 and 2009 in proportion to traffic. 74 miles (119 km) long.___37 miles (60 km) long.	-7.291820695	0
http://es.wikipedia.org/wiki/Anexo:Episodios_de_Elementary		Temporada 1 (2012-2013)	7	Audiencias	11.13 (millones, en EE.UU.)___10.91 (millones, en EE.UU.)___10.31 (millones, en EE.UU)___10.49 (millones, en EE.UU)___10.90 (millones, en EE.UU)___10.75 (millones, en EE.UU)___10.46 (millones, en EE.UU)___10.31 (millones, en EE.UU)___10.46 (millones, en EE.UU)___11.44 (millones, en EE.UU)___11.48 (millones, en EE.UU)___10.90 (millones, en EE.UU)___20.80 (millones, en EE.UU)___10.84 (millones, en EE.UU)___10.98 (millones, en EE.UU)___11.19 (millones, en EE.UU)___11.33 (millones, en EE.UU)___10.48 (millones, en EE.UU)___10.07 (millones, en EE.UU)___9.75 (millones, en EE.UU)___9.29 (millones, en EE.UU)___-___-"	#NAME?	-5.663768116	1
http://en.wikipedia.org/wiki/List_of_QI_episodes		Series	4	Original airdate	21 September 2012 22 September 2012 (XL edition)___28 September 2012 29 September 2012 (XL edition)___5 October 2012 6 October 2012 (XL edition)___12 October 2012 13 October 2012 (XL edition)___19 October 2012 20 October 2012 (XL edition)___26 October 2012 27 October 2012 (XL edition)___2 November 2012 3 November 2012 (XL edition)___9 November 2012 10 November 2012 (XL edition)___23 November 2012 24 November 2012 (XL edition)___30 November 2012 1 December 2012 (XL edition)___7 December 2012 8 December 2012 (XL edition)___14 December 2012 16 December 2012 (XL edition)___21 December 2012 29 December 2012 (XL edition)___28 December 2012___4 January 2013___11 January 2013 12 January 2013 (XL edition)___25 August 2013 31 August 2013 (XL edition) 24 July 2013 (in Australia)	25 August 2013 31 August 2013 (XL edition) 24 July 2013 (in Australia)___4 January 2013	-11.3125	2
http://es.wikipedia.org/wiki/Demograf%C3%ADa_de_Paraguay		Evoluci??n demogr??fica	4	1910-1919	350___-___3.128___-___4.696 (1914) 4.644 (1915) 4.942 (1916) 5.686 (1917)___6.306 (1927)___-___-___-___6.306	4.696 (1914) 4.644 (1915) 4.942 (1916) 5.686 (1917)___-	-6.008714597	1
http://fi.wikipedia.org/wiki/Boulevard_of_Broken_Dreams		Kappaleet	1	Nimi	Jesus of Suburbia"" I. ""Jesus of Suburbia"" II. ""City of the Damned"" III. ""I Don't Care"" IV. ""Dearly Beloved"" V. ""Tales of Another Broken Home___Holiday___Are We the Waiting___St. Jimmy___Boulevard of Broken Dreams"	"Jesus of Suburbia"" I. ""Jesus of Suburbia"" II. ""City of the Damned"" III. ""I Don't Care"" IV. ""Dearly Beloved"" V. ""Tales of Another Broken Home___Holiday"	-11.12060302	0
http://en.wikipedia.org/wiki/List_of_New_York_Undercover_episodes		Season 3 (1996?€?1997)	4	Written by	Denitria Harris-Lawrence___Story by: Reggie Rock Bythewood & Larry Moskowitz Teleplay by: Larry Moskowitz___Natalie Chaidez___Judith McCreary___Judith McCreary___Steven Phillip Smith___Reggie Rock Bythewood___Gar Anthony Haywood___Larry Moskowitz___Reggie Rock Bythewood & Jorge A. Reyes___Judith McCreary___Denitria Harris-Lawrence___Natalie Chaidez___Steven Phillip Smith___Larry Moskowitz___Reggie Rock Bythewood___Reggie Rock Bythewood___Judith McCreary___Denitria Harris-Lawrence___Larry Moskowitz___Steven Phillip Smith___Reggie Rock Bythewood___Judith McCreary	Story by: Reggie Rock Bythewood & Larry Moskowitz Teleplay by: Larry Moskowitz___Natalie Chaidez	-8.48089166	0
http://sv.wikipedia.org/wiki/Lista_%C3%B6ver_webbpubliceringssystem		Fri programvara med ??ppen k??llkod	3	Senaste utg??va	3.4 (15 maj 2011)___1.11.5 (23 mars 2013)___2.11.4 (12 juni 2012)___4.8.2 (19 mars 2008)___5.6.3 (5 juli 2011)___7.4 (30 jun 2011) 6.22 (25 maj 2011) 5.23 (11 aug 2010)___0.7.24 (23 sep 2010)___4.6 (29 sep 2011)___1.7.0 (1 juli 2010)___1.0.0 (2007) 2.9.6.3 (21 januari 2009)___1.5.23 (4 april 2011) 1.6.3 (18 april 2011)___6.0 (10 aug 2011)___4.6.3 (13 april 2008)___1.19.0 (2 maj 2012)___2.1 (1 januari 2011)___5.1___7.0.4 (3 mars 2008)___2.3.2 (19 juni 2009)___2.1.0 (9 april 2010)___0.1 (1 januari 2009)___4.4___6.0.2 (4 mars 2013)___3.4.2 (6 september 2012)___2.2	1.0.0 (2007) 2.9.6.3 (21 januari 2009)___5.1	-6.068364912	2
http://it.wikipedia.org/wiki/Boeing_777		Utilizzatori	3	777-200LR | Economy	-___- 63___24 24___-___36___24___-___36 -___24 40___-___36___- -___34___-___- - - - 42 -	- - - - 42 -___-	-6.25	1
http://pt.wikipedia.org/wiki/Indy_Japan_300		Vencedores	3	Equipe	Patrick Racing___Patrick Racing___Newman/Haas Racing___Team Rahal___Chip Ganassi Racing___Kelley Racing___Andretti-Green Racing___Andretti-Green Racing___Team Penske___Andretti-Green Racing___Andretti-Green Racing___Chip Ganassi Racing___Team Penske___Chip Ganassi Racing	Patrick Racing___Newman/Haas Racing	-7.15	0
http://en.wikipedia.org/wiki/List_of_mammals_of_Alaska		Bats	1	More information	As with other myotis species in Alaska, the California myotis often roosts in abandoned buildings and old mines; they may also be found roosting alone in trees or rock crevices. California bats have been observed hibernating in Southeast Alaska.___As with other myotis species in Alaska, Keen's myotis often roosts in abandoned buildings and old mines; they may also be found roosting alone in trees or rock crevices. It is suspected that it hibernates in Southeast Alaska.___The little brown bat is the most common and widespread bat in Alaska. As with other myotis species in Alaska, little brown bats often roost in abandoned buildings and old mines; they may also be found roosting alone in trees or rock crevices. Little brown bats have been observed hibernating in Southeast Alaska and Kodiak Island.___As with other myotis species in Alaska, the long-legged myotix often roosts in abandoned buildings and old mines; they may also be found roosting alone in trees or rock crevices. It is suspected that it hibernates in Southeast Alaska.___After the big brown bat, the silver-haired bats is the largest bat in Alaska. It is only found in Southeast Alaska, and only during winter. It roosts alone in trees."	"The little brown bat is the most common and widespread bat in Alaska. As with other myotis species in Alaska, little brown bats often roost in abandoned buildings and old mines; they may also be found roosting alone in trees or rock crevices. Little brown bats have been observed hibernating in Southeast Alaska and Kodiak Island.___After the big brown bat, the silver-haired bats is the largest bat in Alaska. It is only found in Southeast Alaska, and only during winter. It roosts alone in trees."	-11.25337487	0
http://en.wikipedia.org/wiki/Cyrina_Fiallo		Filmography	1	Title	Winter and Spring___Little Miss CEO___Quitters___Everybody Hates Chris___A Marriage___My Alibi___My Date___Delusions of Love: A Case Study in Jealousy and 19th Century Formal Wear___My Roommate the___Freeport___The Subpranos___Made... The Movie___Community___Gigantic___Friends 4ever___je vous adore___Switched at Birth___Good Luck Charlie___Supernatural	Delusions of Love: A Case Study in Jealousy and 19th Century Formal Wear___Quitters	-9.662929062	0
http://wikipedia.qwika.com/en2fr/Unit_Load_Device	le volume indiqu?? est volume interne ; ft?? - pieds cubes; m?? - m??tres cubes; BW - largeur basse ; W - largeur hors-tout	Types	0	R??cipients	LD3___LD6___LD8___LD11___Palettes___LD8___LD11___LD7(2 variantes de palette)	LD7(2 variantes de palette)___LD11	-6.333333333	2
http://en.wikipedia.org/wiki/Bad_Religion_discography		Albums	1	Title | AUS	Into the Unknown Released: November 30, 1983 Label: Epitaph Formats: LP, DD___Suffer Released: September 8, 1988 Label: Epitaph Formats: CD, LP, CS, DD___No Control Released: November 2, 1989 Label: Epitaph Formats: CD, LP, CS, DD___Against the Grain Released: November 23, 1990 Label: Epitaph Formats: CD, LP, CS, DD___Generator Released: March 13, 1992 Label: Epitaph Formats: CD, LP, CS, DD___Recipe for Hate Released: June 4, 1993 (original), September 21, 1993 (re-release) Label: Epitaph (original), Atlantic (re-release) Formats: CD, LP, CS, DD___The Gray Race Released: February 27, 1996 Label: Atlantic Formats: CD, LP, CS, DD___No Substance Released: May 5, 1998 Label: Atlantic Formats: CD, LP, CS, DD___The New America Released: May 9, 2000 Label: Atlantic Formats: CD, LP, CS, DD___The Process of Belief Released: January 22, 2002 Label: Epitaph Formats: CD, LP, CS, DD___The Empire Strikes First Released: June 8, 2004 Label: Epitaph Formats: CD, LP, DD___New Maps of Hell Released: July 10, 2007 Label: Epitaph Formats: CD, LP, DD___The Dissent of Man Released: September 28, 2010 Label: Epitaph Formats: CD, LP, DD___True North Released: January 22, 2013 Label: Epitaph Formats: CD, LP, DD"	"Recipe for Hate Released: June 4, 1993 (original), September 21, 1993 (re-release) Label: Epitaph (original), Atlantic (re-release) Formats: CD, LP, CS, DD___Into the Unknown Released: November 30, 1983 Label: Epitaph Formats: LP, DD"	-10.5405452	0
http://en.wikipedia.org/wiki/List_of_Tougeki_winners		2004	3	Character(s)	Sasquatch___Wolf Akira Kage___A Groove - Sakura/M. Bison(Vega JP)/Blanka C Groove - Edmond Honda/Sagat/Blanka A Groove - Sakura/M. Bison(Vega JP)/Blanka___Ken Chun-Li Yun___Jin Kazama___Suija___Millia Baiken Bridget	A Groove - Sakura/M. Bison(Vega JP)/Blanka C Groove - Edmond Honda/Sagat/Blanka A Groove - Sakura/M. Bison(Vega JP)/Blanka___Sasquatch	-9.183333333	0
http://id.wikipedia.org/wiki/Jim_Sturgess	Film	Filmografi	2	Peran	Red___Jude Feeny___George Boleyn___Ben Campbell___Martin McGartland___Gavin Kossef___Jamie Morgan___Janusz Wieszczek___Dexter Mayhew___James___Adam Ewing, Poor Hotel Guest, Megan's Dad, Highlander, Hae-Joo Chang, Adam-brother-in-law___Robert___Adam"	"Adam Ewing, Poor Hotel Guest, Megan's Dad, Highlander, Hae-Joo Chang, Adam-brother-in-law___Red"	-6.846153846	0
http://es.wikipedia.org/wiki/Iglesia_Cat%C3%B3lica_en_los_Estados_Unidos	U.S. Census [2]	Estad??sticas	3	"Cambio en % | -8,5%"	-7,5%___-2,6%___-1,1%___+2,5%___-0,4%___-0,1%___-7,7%___+0,4%___--___-0.1%___+0.3%___+0.4%___-0.1%___+0.2%___+0.4%___+0.2%___--___--___+0.3%___+1.7%___-0.4%___+1.2%___+0.3%___+0.3%___+0.3%___--___+0.1%___+6.6%"	"--___+2,5%"	-7.133333333	1
http://en.wikipedia.org/wiki/Elle_Fanning		Notable TV guest appearances	3	Notes	""Maxine Interrupted""___""Officer Blue""___""Need to Know""___2 episodes (guest role) ""The Boogeyman"" and ""No Way Out, Part II: The Evilution of Frank""___""Pilot"""	"2 episodes (guest role) ""The Boogeyman"" and ""No Way Out, Part II: The Evilution of Frank""___""Pilot"""	-6.538461538	0
http://en.m.wikipedia.org/wiki/Lists_of_landmark_court_decisions		Landmark decisions in CanadaEdit	5	Full text	[2]___[3]___[4]___[5].___[6]___R v Marshall (No 1)R v Marshall (No 2)___[7]___[8]___[9]___[10]___[11]___[12]___[13]___[14]___[15]___[16]___[17]___[18]___[19]___[20]___[21]___[22].___[23]	R v Marshall (No 1)R v Marshall (No 2)___[10]	-15.95169082	2
http://en.wikipedia.org/wiki/Merle_Curti_Award			1	Winner	Garry Wills___Paul E. Johnson___James T. Schleifer___George M. Fredrickson___Norman Fiering___Dino Cinel___Leo P. Ribuffo___Kerby A. Miller___James T. Kloppenberg___Jacquelyn Dowd Hall, James Leloudis, Robert Korstad, Mary Murphy, Lu Ann Jones and Christopher B. Daly___Edmund S. Morgan___James H. Merrell___David D. Hall___David R. Roediger___Robert B. Westbrook___W. Fitzhugh Brundage___Wilfred M. McClay___George Chauncey___Lance Banning___Robert A. Orsi___Rogers M. Smith___Woody Holton___Kimberly K. Smith___David W. Blight___Helen Lefkowitz Horowitz___Colin G. Calloway___Steven Mintz___Elizabeth Borgwardt___Scott Reynolds Nelson___Marcus Rediker___Vincent Brown___Laura Dassow Walls"	"Jacquelyn Dowd Hall, James Leloudis, Robert Korstad, Mary Murphy, Lu Ann Jones and Christopher B. Daly___Garry Wills"	-15.58318614	0
http://es.wikipedia.org/wiki/Anexo:Cazas_de_la_Segunda_Guerra_Mundial		Cazas con motores de explosi??n	2	Monoplanos	Boeing P-26 Peashooter Consolidated P-30 Seversky P-35 Brewster F2A Buffalo Republic P-43 Lancer___Nakajima Tipo 91 Mitsubishi A5M Nakajima Ki-27___Fokker D.XXI___PZL P.11___Hawker Hurricane___Polikarpov I-16___Ikarus IK-2	Boeing P-26 Peashooter Consolidated P-30 Seversky P-35 Brewster F2A Buffalo Republic P-43 Lancer___PZL P.11	-12.49917364	2
http://en.wikipedia.org/wiki/A_Fazenda_5		Format	2	Sent to the Barn	Leo, Rodrigo, Sylvinho, Vava___Angela, Diego, Viviane___Angela, Gretchen, Nicole, Viviane (This week the contestants who were sent to the barn were defined by a challenge, not by Rodrigo's choice.)___Nicole, Penelope, Robertha, Simone___Angela, Leo, Vava___Diego, Felipe, Nicole, Penelope___Nicole, Penelope, Vava___Leo, Simone___Leo, Nicole, Robertha, Viviane___(none)"	"Angela, Gretchen, Nicole, Viviane (This week the contestants who were sent to the barn were defined by a challenge, not by Rodrigo's choice.)___(none)"	-5.747581003	0
http://en.wikipedia.org/wiki/Tommy_Flanagan_discography		Discography	3	Label	Absord___Absord___United Artists___Prestige___Muse___Uptown___Invitation___CBS/Sony___BMG___Enja___Prestige___Candid___Jazzline___Detroit Jazz Musicians Co-Op___Columbia___Roulette___Roulette___Prestige___Contemporary___Verve___Savoy___Blue Note___Blue Note___Blue Note___Prestige___New Jazz___Columbia___Moodsville___RCA___Columbia___Regent___Pablo___Pablo___Slider___Blue Note___Savoy___Chiaroscuro___Prestige___Prestige___BMG Novus___Atlantic___Prestige___Pablo___Prestige___Bluemoon___New Jazz___Xanadu___Blue Note___Xanadu___Roulette___Unisson___Bethlehem___Prestige___Concord___Argo___Mercury___Scepter___Verve___Verve___Verve___Eagle Vision___Pablo___Reprise___Pablo___Pablo___Pablo___Pablo___Pablo___Pablo___Pablo___Pablo___Regent___United Artists___Savoy___Epic___Savoy___Pablo___Enja___Enja___New Jazz___Argo___Prestige___Vee-Jay___Horizon___Swingville___Swingville___Progressive___Concord___Columbia___Epic___Savoy___Savoy___Savoy___Savoy___Storyville___Moodsville___Swingville___Moodsville___Moodsville___Moodsville___Impulse!___Impulse!___Verve___Verve___Columbia___Impulse!___Kitty___Riverside___Landmark___Vee-Jay___Verve___Denon___Classical Action___Impulse!___Landmark___Atlantic___Atlantic___United Artists___Atlantic___Riverside___Impulse!___Impulse!___Pablo___Prestige___Argo___Columbia___Candid___Pablo___Swingville___Swingville___Columbia___Columbia___Columbia___Columbia___Columbia___Milestone___Denon___Everest___Pablo___Riverside___Timeless___Blue Note___Blue Note___Period___Blue Note___United Artists___Jazzland___Muse___Savoy___Philips___Argo___United Artists___Time___Atlantic___Prestige___Prestige___Bethlehem___Concord___Candid___Bethlehem___Xanadu___Riverside___Xanadu___Riverside___Argo___Antilles___Columbia___Scepter___Swingville___Swingville___Swingville___Warwick___Soul Note___Galaxy___ABC___New Jazz___Moodsville___Epic___Prestige___Prestige___Prestige___Riverside___Criss Cross___Philadelphia International___Exclusive Arts___Artists House___Milestone___Signal___Prestige___Impulse!___Milestone___Milestone___Milestone___DRG___Prestige___Phontastic___After 9___Discovery___CBS/Sony___Blue Note___Criss Cross___Jazzland___Swingville___Candid___Chesky___Soul Note___Prestige___Baystate___Time___Blue Note___Epic___Columbia___Columbia___Eastworld___Eastworld___Playboy___Audiophile___Enja___AudioQuest___Columbia___Prestige___Prestige___Progressive___Verve___HighNote___World Pacific___New Jazz___Prestige___Candid___Enja___Chesky___Warwick___Denon___Justin Time___Justin Time___Enja	Detroit Jazz Musicians Co-Op___BMG	-6.333333333	0
http://en.wikipedia.org/wiki/Meteor_Music_Awards		Recipients by year	4	Album	Is This It___By the Way___Elephant___Franz Ferdinand___Employment___Whatever People Say I Am, That's What I'm Not___Neon Bible___Only by the Night___Sunny Side Up"	"Whatever People Say I Am, That's What I'm Not___Elephant"	-7.222222222	0
http://en.wikipedia.org/wiki/The_Coolangatta_Gold		The Event	4	Racetime	-___-___3hrs:15.39___3hrs:18:45___3hrs.22.33___3hrs:17:13	-___3hrs:15.39	-7.6	1
http://it.wikipedia.org/wiki/Squadriglia_19		Equipaggio del Volo 19 e del PBM-5 BuNo 59225	2	Equipaggio	Howell O. Thompson, SSgt., USMCR George.R. Paonessa, Srg., USMC___Herman A. Thelander, S1c, USNR Burt E. Baluk, JR., S1c, USNR___Robert P. Gruebel, Pvt., USMCR Robert F. Gallivan, Sgt., USMC___William E. Lightfoot, Pfc., USMCR*___Harrie G. Cone, Ltjg, USN Roger M. Allen, Ensign, USN Lloyd A. Eliason, Ensign, USN Charles D. Arceneaux, Ensign, USN Robert C. Cameron, RM3, USN Wiley D. Cargill, Sr., Seaman 1st, USN James F. Jordan, ARM3, USN John T. Menendez, AOM3, USN Philip B. Neeman, Seaman 1st, USN James F. Osterheld, AOM3, USN Donald E. Peterson, AMM1, USN Alfred J. Zywicki, Seaman 1st, USN"	"Harrie G. Cone, Ltjg, USN Roger M. Allen, Ensign, USN Lloyd A. Eliason, Ensign, USN Charles D. Arceneaux, Ensign, USN Robert C. Cameron, RM3, USN Wiley D. Cargill, Sr., Seaman 1st, USN James F. Jordan, ARM3, USN John T. Menendez, AOM3, USN Philip B. Neeman, Seaman 1st, USN James F. Osterheld, AOM3, USN Donald E. Peterson, AMM1, USN Alfred J. Zywicki, Seaman 1st, USN___William E. Lightfoot, Pfc., USMCR*"	-17.25144092	0
http://nl.wikipedia.org/wiki/SV_Huizen		Trainers	2	Seizoen(en)	2002 - '03.___1948 t/m 1951, 1952-'53, 1957-'58, 1959 t/m 1961, 1963-'64.___1966 t/m 1968.___1970-'71.___1981-'82.___1989-'90.___1994-'95.___2000-'01___2005-'06.___2009-'10"	"1948 t/m 1951, 1952-'53, 1957-'58, 1959 t/m 1961, 1963-'64.___2000-'01"	-5.927013423	2
http://es.wikipedia.org/wiki/Boeing_X-45		Especificaciones	1	X-45A	10,3 m___1,13 m___5.530 kg___Mach 0,75___10.700 m___920 km___Honeywell F124-GA-100 turbofan; 28 kN"	"Honeywell F124-GA-100 turbofan; 28 kN___10,3 m"	-5.654136708	2
http://de.wikipedia.org/wiki/Liste_der_IATA-Codes/M		MX	2	Flughafen	_________Laurinburg-Maxton Airport___Montgomery (Maxwell AFB)_______________Mexicali (General Rodolfo S. Taboada)______Flughafen Morlaix-Plaujean___Monticello Municipal Airport___Flughafen Mailand-Malpensa__________________Flughafen Mora-Siljan___McCarthy Airport___	Mexicali (General Rodolfo S. Taboada)___McCarthy Airport	-6.174108152	0
http://en.wikipedia.org/wiki/List_of_The_Podge_and_Rodge_Show_episodes		Season guest lists	4	Rhyme Bandits	___Kathy Durkin as Pink______Sandy Kelly as Katy Perry______Charlie McGettigan as Jim Morrison______Joseph McCaul as Prince___Philomena Begley as Amy Winehouse______TR Dallas as Robbie Williams______Robotnik______Brutus Gold's Love Train______The Corrigans (performing ""There's No One As Irish As Barack O'Bama"")______The Stunning"	"The Corrigans (performing ""There's No One As Irish As Barack O'Bama"")___Robotnik"	-13.59821429	0
http://simple.wikipedia.org/wiki/1780%E2%80%931789_Atlantic_hurricane_seasons		1770?€?1779	2	Location	Greater Antilles including Puerto Rico and Jamaica; Mobile, Alabama; New Orleans, Louisiana___North Carolina___Saint Kitts and Nevis___Virginia___Virginia___Virginia___Annapolis, Maryland___Caribbean Sea___Outer Banks, Virginia, Newfoundland___Caicos Islands___Virginia___Guadeloupe___Florida___Chesapeake Bay___Central Atlantic, Pennsylvania___Virginia___Cuba___Cape Cod, Massachusetts___Jamaica___Havana, Cuba, Louisiana___Martinique___Atlantic coast"	"Greater Antilles including Puerto Rico and Jamaica; Mobile, Alabama; New Orleans, Louisiana___Virginia"	-9.023863636	0
http://it.wikipedia.org/wiki/Utente:Paulatz/Sandbox2		Caratteristiche fisiche (confrontate all'acqua leggera)	1	D2O (Acqua pesante)	101.4___1.1056___11.6___1.25___7.193___1,515___10,864___7.41 (a volte indicato con ""pD"")"	"7.41 (a volte indicato con ""pD"")___101.4"	-12.0625	2
http://en.wikipedia.org/wiki/List_of_bus_routes_in_Singapore		Routes	7	Remarks	Weekdays AM and PM Peak. Flexible express route between Boon Lay Avenue and Orchard Road.___Terminated at Bedok Bus Interchange until 12 November 2006.___Weekdays AM and PM Peak. Bus service is under Bus Service Enhancement Programme (BSEP).___Route amended and operating hours extended from 26 December 2005. Flexible express route between Bedok North Road and Raffles Boulevard. Amended to ply Bayfront Avenue on 26 April 2010.___Weekdays AM and PM Peak. Flexible express route between Loyang Avenue and Moulmein Road.___Also known as the Lentor Estate Premium route. Formerly known as 592.___A second trip for Premium Service 538 will commence from 19 March 2012.___A second trip for Premium Service 544 will commence from 19 March 2012."	Route amended and operating hours extended from 26 December 2005. Flexible express route between Bedok North Road and Raffles Boulevard. Amended to ply Bayfront Avenue on 26 April 2010.___Terminated at Bedok Bus Interchange until 12 November 2006.	-6.774703557	0
http://en.m.wikipedia.org/wiki/Mount_Washington_Cog_Railway		LocomotivesEdit	6	Notes	Was the first #7 Falcon; renumbered to 1 following rebuilding after the 1895 fire. Renamed Mt. Washington after 1931. Currently stored out of service at the shops.___Was second #4 Atlas; renumbered to 2 following rebuilding after the 1895 fire. Named Ammonoosuc after 1931.___Originally #2 of the Green Mountain Cog Railway. Was the third #5, not named; became the third #3 in 1934. Renamed Agiocochook in 1995/96. Currently stored serviceable outside the shops.___Originally #1 of the Green Mountain Cog Railway. Originally named ""Summit"" Renamed Chocorua in 1996/97. Currently has the cab and tender of #8. There is a possibility of this engine becoming a static display in the nearby town in Twin Mountain. Currently stored serviceable outside the shops.___Originally built as first #6 Tip-Top with vertical boiler. Rebuilt into second #6 in 1878 with horizontal boiler. Was named Great Gulf. Currently stored serviceable inside the shops.___Built in 1983 by Mike Kenly at the Cog Shop. At the time was the world's newest steam locomotive. In 2008 a major boiler overhaul was underway when the project was scrapped in favor of building 2 new diesel locomotives. The cab and tender of #8 Tip-Top/Moosilauke now rides on #4 Summit/Chocourua. Currently stored out of service outside the shops.___First horizontal boilered engine to have the cab on the same plane as the boiler. For a short time, this locomotive burned biodiesel, but was reconverted to coal.___Uses a larger, welded boiler built by Munroe Boiler. Has the cab tilted on the same plane as the boiler. Converted to burn oil for a short time and converted back to coal. Was named the Col. Teague. Currently stored serviceable inside the shops.___First diesel-hydraulic locomotive. Powered by biodiesel (B20).___Second diesel-hydraulic locomotive. Powered by biodiesel (B20)___Third diesel-hydraulic locomotive. Powered by biodiesel (B20)___Fourth diesel-hydraulic locomotive, Powered by biodiesel (B20)"	Was second #4 Atlas; renumbered to 2 following rebuilding after the 1895 fire. Named Ammonoosuc after 1931.___Built in 1983 by Mike Kenly at the Cog Shop. At the time was the world's newest steam locomotive. In 2008 a major boiler overhaul was underway when the project was scrapped in favor of building 2 new diesel locomotives. The cab and tender of #8 Tip-Top/Moosilauke now rides on #4 Summit/Chocourua. Currently stored out of service outside the shops.	-14.453125	0
http://nl.wikipedia.org/wiki/The_Buffoons		Discografie	0	Single(s) met eventuele hitnoteringen in de Nederlandse Top 40	It's the end___Sister Theresa's East River orphanage/Sunday will never be the same___Lovely Loretta___Goodbye my love___Catarina baby___My girl Donna___Arizona___Let it be me	Sister Theresa's East River orphanage/Sunday will never be the same___Arizona	-7	0
http://en.wikipedia.org/wiki/Rx_Bandits		Discography	2	Label	Go Kart Records___Skratch Ray Records___Liberation Records___Vegas Records___Drive-Thru___We The People Records___Fearless Records___Together___Drive-Thru___Go-Kart Records___Fat Wreck Chords___Drive-Thru/Rushmore___Indianola Records___Drive-Thru___Sire/Wea	Together___We The People Records	-7.15	0
http://id.wikipedia.org/wiki/Pemekaran_daerah_di_Indonesia		"Dasar hukum pembentukan provinsi, kabupaten, dan kota di Indonesia"	4	Ibu kota	Sinabang___Singkil___Tapak Tuan___Kutacane___Idi Rayeuk___Takengon___Meulaboh___Jantho___Sigli___Bireuen___Lhokseumawe___Blangpidie___Blangkejeran___Karang Baru___Suka Makmue___Calang___Simpang Tiga Redelong___Meureudu___Gunungsitoli___Panyabungan___Sipirok___Pandan___Tarutung___Balige___Rantauprapat___Kisaran___Pematangsiantar___Sidikalang___Kabanjahe___Lubukpakam___Stabat___Teluk Dalam___Dolok Sanggul___Salak___Pangururan___Sei Rampah___Lima Puluh___Padang___Tuapejat___Painan___Arosuka___Muaro Sijunjung___Batusangkar___Pariaman___Lubukbasung___Sarilamak___Lubuksikaping___Padang Aro___Pulau Punjung___Simpang Empat___Pekanbaru___Taluk Kuantan___Rengat___Tembilahan___Pangkalan Kerinci___Siak Sri Indrapura___Bangkinang___Pasir Pengaraian___Bengkalis___Ujung Tanjung___Jambi___Sungaipenuh___Bangko___Sarolangun___Muara Bulian___Sengeti___Muara Sabak___Kuala Tungkal___Muara Tebo___Muara Bungo___Palembang___Baturaja___Kayu Agung___Muara Enim___Lahat___Lubuk Linggau___Sekayu___Banyuasin___Muaradua___Martapura___Indralaya___Tebing Tinggi___Bengkulu___Manna___Curup___Argamakmur___Bintuhan___Tais___Mukomuko___Muara Aman___Kepahiang___Bandar Lampung___Liwa___Kotaagung___Kalianda___Sukadana___Gunungsugih___Kotabumi___Blambangan Umpu___Menggala___Pangkal Pinang___Sungailiat___Tanjungpandan___Toboali___Koba___Mentok___Manggar___Tanjungpinang___Tanjung Balai Karimun___Tanjungpinang___Ranai___Daik___Batam___Tanjungpinang___Jakarta___Pulau Pramuka___Kebayoran Baru___Cakung___Tanah Abang___Puri Kembangan___Tanjung Priok___Bandung___Cibinong___Sukabumi___Cianjur___Soreang___Garut___Tasikmalaya___Ciamis___Kuningan___Sumber___Majalengka___Sumedang___Indramayu___Subang___Purwakarta___Karawang___Bekasi___Ngamprah___Bogor___Sukabumi___Bandung___Cirebon___Bekasi___Depok___Cimahi___Tasikmalaya___Banjar___Semarang___Cilacap___Purwokerto___Purbalingga___Banjarnegara___Kebumen___Purworejo___Wonosobo___Mungkid___Boyolali___Kota Klaten___Sukoharjo___Wonogiri___Karanganyar___Sragen___Grobogan___Blora___Rembang___Pati___Kudus___Jepara___Demak___Ungaran___Temanggung___Kendal___Batang___Kajen___Pemalang___Slawi___Brebes___Magelang___Surakarta___Salatiga___Semarang___Pekalongan___Tegal___Yogyakarta___Wates___Bantul___Wonosari___Sleman___Yogyakarta___Surabaya___Pacitan___Ponorogo___Trenggalek___Tulungagung___Blitar___Kediri___Kepanjen___Lumajang___Jember___Banyuwangi___Bondowoso___Situbondo___Probolinggo___Pasuruan___Sidoarjo___Mojokerto___Jombang___Nganjuk___Madiun___Magetan___Ngawi___Bojonegoro___Tuban___Lamongan___Gresik___Bangkalan___Sampang___Pamekasan___Sumenep___Kediri___Blitar___Malang___Probolinggo___Pasuruan___Mojokerto___Madiun___Surabaya___Batu___Serang___Pandeglang___Rangkasbitung___Tigaraksa___Serang___Tangerang___Cilegon___Denpasar___Negara___Tabanan___Badung___Gianyar___Klungkung___Bangli___Karangasem___Singaraja___Denpasar___Mataram___Mataram___Praya___Selong___Sumbawa Besar___Dompu___Raba___Taliwang___Mataram___Bima___Kupang___Waikabubak___Waingapu___Kupang___Soe___Kefamenanu___Atambua___Kalabahi___Lewoleba___Larantuka___Maumere___Ende___Bajawa___Ruteng___Baa___Labuan Bajo___Tambolaka___Waibakul___Mbay___Kupang___Pontianak___Sambas___Bengkayang___Ngabang___Mempawah___Batang Tarang___Ketapang___Sintang___Putussibau___Sekadau___Nanga Pinoh___Sukadana___Pontianak___Singkawang___Palangkaraya___Pangkalan Bun___Sampit___Kuala Kapuas___Buntok___Muara Taweh___Sukamara___Nanga Bulik___Kuala Pembuang___Kasongan___Pulang Pisau___Kuala Kurun___Tamiang Layang___Puruk Cahu___Palangkaraya___Banjarmasin___Pelaihari___Kotabaru___Martapura___Marabahan___Rantau___Kandangan___Barabai___Amuntai___Tanjung___Batulicin___Paringin___Banjarmasin___Banjarbaru___Samarinda___Tanah Grogot___Sendawar___Tenggarong___Sangatta___Tanjungredep___Malinau___Tanjungselor___Nunukan___Penajam___Balikpapan___Samarinda___Tarakan___Bontang___Manado___Kotamubagu___Tondano___Tahuna___Melonguane___Amurang___Airmadidi___Boroko___Ondong Siau___Ratahan___Manado___Bitung___Tomohon___Kotamobagu___Palu___Salakan___Luwuk___Bungku___Poso___Donggala___Toli-Toli___Buol___Parigi___Ampana___Palu___Makassar___Bantaeng___Bulukumba___Bantaeng___Jeneponto___Takalar___Sunggu Minasa___Sinjai___Maros___Pangkajene___Barru___Watampone___Watan Soppeng/Watansoppeng___Sengkang___Sidenreng___Pinrang___Enrekang___Palopo___Makale___Masamba___Malili___Makassar___Pare-pare___Palopo___Kendari___Bau-Bau___Raha___Unaaha___Kolaka___Andolo___Rumbia___Wangi-Wangi___Lasusua___Bonegunu___Asera___Kendari___Bau-Bau___Gorontalo___Tilamuta___Gorontalo___Marisa___Suwawa___Kwandang___Gorontalo___Mamuju___Majene___Polewali___Mamasa___Mamuju___Pasangkayu___Ambon___Saumlaki___Tual___Masohi___Namlea___Dobo___Dataran Hunipopu___Dataran Hunimoa___Ambon___Sofifi/Ternate___Ternate___Weda___Sanana___Labuha___Tobelo___Maba___Ternate___Tidore___Manokwari___Fak-Fak___Kaimana___Rasiei___Bintuni___Manokwari___Teminabuan___Sorong___Waisai___Kumurkek___Fef___Sorong___Jayapura___Merauke___Wamena___Jayapura___Nabire___Serui___Biak___Enarotali___Kotamulia___Timika___Tanah Merah___Kepi___Agats___Sumohai___Oksibil___Karubaga___Sarmi___Waris___Botawa___Sorendiweri___Jayapura	Sinabang___Simpang Tiga Redelong	-5.801956332	0
http://en.wikipedia.org/wiki/2008%E2%80%9309_PBA_Philippine_Cup		Conference records	2	Holder	Gary David (Air21 Express) vs. San Miguel Beermen___Gary David (Air21 Express) vs. San Miguel Beermen___Asi Taulava (Coca-Cola Tigers) vs. Air21 Express___L.A. Tenorio (Alaska Aces) vs. Talk 'N Text Tropang Texters___Mike Hrabak (Red Bull Barako) vs. Purefoods TJ Giants___Bonbon Custodio (San Miguel Beermen) vs. Red Bull Barako___3 Tied___James Yap (Purefoods TJ Giants) vs. Coca-Cola Tigers	3 Tied___L.A. Tenorio (Alaska Aces) vs. Talk 'N Text Tropang Texters	-5.657478764	0
http://en.wikipedia.org/wiki/Tenchu	"Aggregate review scores As of July 27, 2013."	Games	1	GameRankings	(PS1) 78.59%___(PS2) 79.38% (Xbox) 70.09%___(PS2) 60.54%___(PSP) 51.25%___(NDS) 34.35%___(X360) 56.93%___(X360) 48.57%___(Wii) 69.00% (PSP) 65.18%	(Wii) 69.00% (PSP) 65.18%___(PS1) 78.59%	-6.4	0
http://fr.wikipedia.org/wiki/Liste_du_patrimoine_mondial_en_Inde		Listes	1	??tat	Bengale-Occidental, Haryana, Himachal Pradesh, Tamil Nadu___Goa___Tamil Nadu___Karnataka___Delhi___Bihar___Karnataka___Madhya Pradesh___Uttar Pradesh___Uttar Pradesh___Rajasthan___Maharashtra___Maharashtra___Maharashtra___Maharashtra___Jaipur, Rajasthan___Uttar Pradesh___Tamil Nadu___Madhya Pradesh___Gujarat___Delhi___Orissa___Delhi___Tamil Nadu, Kerala, Karnataka, Goa, Maharashtra et Gujarat___Assam___Rajasthan___Bengale-Occidental___Uttarakhand___Assam"	"Tamil Nadu, Kerala, Karnataka, Goa, Maharashtra et Gujarat___Goa"	-5.887566138	0
http://nl.wikipedia.org/wiki/Willpower		Nummers	1	Titel	Smile Mona Lisa___Bang Bang___Great Times (Original mix)___Scream & Shout (Hit-Boy Remix) (met Britney Spears, Hit-Boy, Waka Flocka Flame, Lil Wayne en Diddy)"	"Scream & Shout (Hit-Boy Remix) (met Britney Spears, Hit-Boy, Waka Flocka Flame, Lil Wayne en Diddy)___Bang Bang"	-5.62962963	0
http://zh.wikipedia.org/zh-cn/%E4%BA%9A%E5%BD%93%C2%B7%E5%85%B0%E4%BC%AF%E7%89%B9	????????????????????????2009???:	??????????????????	3	????????????	4 Non Blondes___Soul Brothers Six___Cher___The Rolling Stones___Michael Jackson___Anita Carter___The Miracles___Wild Cherry___Tears for Fears___Steppenwolf___Yvonne Elliman___Cy Grant___Led Zeppelin Foghat___U2 Aerosmith___Tears for Fears Sam Cooke Kris Allen/Adam Lambert	Tears for Fears Sam Cooke Kris Allen/Adam Lambert___Cher	-6.222222222	2
http://en.wikipedia.org/wiki/Laois_Junior_Hurling_Championships		Laois Junior Hurling Championship	1	Winner	Kyle___Camross___Clough-Ballacolla___Kyle___Harps___Rosenallis___Camross___Rathdowney___Mountmellick___Timahoe___Shanahoe___Castletown______St. Fintans, Colt___Harps___Ballypickas___Portlaoise___Castletown___Harps___Clough-Ballacolla___St Fintans, Mountrath___Camross___Portlaoise___Rosenallis___Ballypickas___Harps___Slieve Bloom___Kilcotton___Camross___Ballacolla___Milltown___Clonaslee___Kyle___Abbeyleix___Rathdowney___Castletown___Durrow___Camross___Park/Ratheniska___Borris-in-Ossory___Ballinakill___Clonaslee___Ballyfin___St Conleths___Portlaoise___Camross___Ballypickas___Kilcotton___Mountmellick___St Fintans, Mountrath___St. Fintans, Colt___Park/Ratheniska___Camross"	"Kyle___St. Fintans, Colt"	-7.15	0
http://fr.wikipedia.org/wiki/%5E%5E	??motic??nes les plus courantes	Liste des ??motic??nes typographiques	0	Style occidental	X) x)___:-( :( =(___:-| :| =|___;-) ;)___:-P :-p :P :p =P =p___:-O :-o :O :o =O =o =-O___%^) %^>___8-) 8) 8-O 8O___:-$ :$ =$ X( :-[ :x___:-/ :/ =/___:-X :-x :X :x :-# :# =X =x =#___:-S :S :-s :s :$ =S =s =$___:'-( :'( ='(___*-*	8-) 8) 8-O 8O___:-X :-x :X :x :-# :# =X =x =#	-5.85	0
http://en.wikipedia.org/wiki/Heuschrecke_10	Specifications	Specification comparison	1	Sonderkraftfahrzeug.165/1	4 men___Maybach HL 66 / 6-cylinder / 188 hp (140 kW)___35 km/h___Road: 240 km Cross-country: 130 km___5.90 m___2.87 m___2.25 m___105 mm leichte Feldhaubitze 18/1 L/28___60 rounds___Front Superstructure: 30/10 Front Hull: 30/12 Front Turret: 20/20 Gun Mantlet: 20/0-70 Side Superstructure: 14.5/0 Side Hull: 14.5/0 Side Turret: 14.5/15 Rear Superstructure: 14.5/20 Rear Hull: 14.5/10 Rear Turret: 14.5/10 Top Superstructure: 10/90 Top/Bottom Hull: 14.5/90 Top Turret: open	Front Superstructure: 30/10 Front Hull: 30/12 Front Turret: 20/20 Gun Mantlet: 20/0-70 Side Superstructure: 14.5/0 Side Hull: 14.5/0 Side Turret: 14.5/15 Rear Superstructure: 14.5/20 Rear Hull: 14.5/10 Rear Turret: 14.5/10 Top Superstructure: 10/90 Top/Bottom Hull: 14.5/90 Top Turret: open___4 men	-7.896286422	0
http://en.wikipedia.org/wiki/Santa_Clara_Broncos_baseball		Year By Year Results	3	CONFERENCE	8 - 13 (t5th)___6 - 15 (8th)___13 - 8 (3rd)___9 - 12 (8th)___9 - 12 (t5th)___11 - 19 (3rd)___16 - 14 (2nd)___21 - 9 (2nd)___15 - 14 (2nd)___17 - 13 (t1st)___12 - 18 (3rd)___11 - 19 (4th)___16 - 14 (5th)___22 - 7 - 1 (2nd)___16 - 14 (3rd)___14 - 16 (3rd)___20 - 18 (4th)___17 - 19 (4th)___14 - 10 (3rd)___11 - 12 - 1 (3rd)___10 - 12 (4th)___13 - 11 (3rd)___15 - 15 (3rd)___15 - 15 (4th)___26 - 10 (1st)___15 - 21 (5th)___12 - 21 (5th)___18 - 17 (4th)___18 - 16 (4th)___6 - 11 (4th)___13 - 5 (2nd)___12 - 6 (2nd)___13 - 5 (2nd)___--___7 - 13 (5th)___11 - 9 (3rd)___16 - 4 (2nd)___9 - 7 (2nd)___5 - 11 (4th)___6 - 10 (3rd)	--___22 - 7 - 1 (2nd)	-6.860869565	1
http://en.wikipedia.org/wiki/List_of_ghost_towns_in_Florida			1	County	Polk___Polk___Miami-Dade___Brevard___Broward___Pinellas___Palm Beach___Osceola___Citrus___Levy___Glades___Pinellas___Hillsborough___Polk___Columbia___Okeechobee___Bay___Hernando___Lake___Pinellas___Hillsborough___Palm Beach___Polk___Charlotte___Manatee___Collier___Hillsborough___Polk___Palm Beach___Hardee___Flagler___Pinellas___Manatee___Hillsborough___Hernando___Alachua___Lake___Monroe___Polk___Collier___Palm Beach___Glades___Brevard___Hardee___Suwannee___Lake___Highlands___Hillsborough___Hardee___Bay___Hernando___Miami-Dade___Collier___Osceola___Wakulla___Saint Lucie___Manatee___Volusia___Marion___Madison___Orange___Flagler___Lake___Pasco___Monroe___Brevard___Highlands___Hillsborough___Hardee___Hillsborough___Miami Dade___Hendry___Pinellas___Okeechobee___Monroe___Marion___Polk/Highlands___Hillsborough___St. Johns___Escambia___Hernando___Palm Beach___Marion___Manatee___Palm Beach___Hardee___Volusia___Hillsborough___Palm Beach___Manatee___Palm Beach___Glades___Polk___Polk___Hillsborough___Alachua___Alachua___Glades___Taylor___Gadsden___Lake___Marion___Leon___Highlands___Okeechobee___Osceola___Hillsborough___Brevard___Osceola___Monroe___Brevard___Martin___Alachua___Polk___Collier___Pasco___Marion___Palm Beach___Osceola___Marion___Lake___Lee___Palm Beach___Alachua___Hillsborough___Bradford___Columbia___Hardee___Hillsborough___Sumter___DeSoto___Osceola___Columbia___Sumter___Wakulla___Charlotte___Manatee___Citrus___Polk___Brevard___Broward___Hardee___Marion___Levy___Escambia___Miami-Dade___Osceola___Franklin___Polk___Glades___Lafayette___Alachua___Wakulla___Osceola___Palm Beach___Okaloosa___Union___Lake___Highlands___Martin___Hardee___Orange___Citrus___Brevard___Glades___Seminole___Indian River___Okeechobee___Manatee___Manatee___Jackson___Polk___Monroe___Hillsborough___Miami-Dade___Hillsborough___Martin___Polk___Monroe___Monroe___DeSoto___Lake___Polk___Hardee___Wakulla___Hillsborough___Union___Lee___Indian River___Hillsborough___Marion___Polk___Hernando___Hernando___Palm Beach___Alachua___Marion___Levy___Osceola___Manatee___Sumter___Bradford___Manatee___Hendry___Okeechobee___Miami-Dade___Seminole___Brevard___Monroe___Lake___Citrus___Miami-Dade___Polk___Hillsborough___Hardee___Sumter___Polk___Brevard___Osceola___Hardee___Alachua___Lafayette___Okeechobee___Hardee___Highlands___Manatee___Citrus___Bay___Saint Lucie___Lake___Orange___Marion___Manatee___Martin___Pinellas___Marion___Hillsborough___Clay___Saint Lucie___Manatee___Brevard___Hernando___Palm Beach___Duval___Martin___Palm Beach	Polk___St. Johns	-5.912	0
http://en.m.wikipedia.org/wiki/Agastya		Contrast between Northern and Southern TraditionsEdit	1	Southern(Dravidian Tamil) Traditions	Clears the Forest___Promotes agriculture and Irrigation.___Leader of the Velir Clan___The greatest exponent of Tamil Language;author of the earliest Tamil grammar___Linked to the Indian Historical Tradition of(a)Ventar-Velir-Velalar hierarchy of Tamil Sangam Polity (b)Dravidian ruling classes claiming descend from a pitcher (c)Yadavas,and (through them) the Andha-Kura-Vrishni-Bhoja tribes of the Mahabharata Age"	"Linked to the Indian Historical Tradition of(a)Ventar-Velir-Velalar hierarchy of Tamil Sangam Polity (b)Dravidian ruling classes claiming descend from a pitcher (c)Yadavas,and (through them) the Andha-Kura-Vrishni-Bhoja tribes of the Mahabharata Age___Clears the Forest"	-8.497190967	0
http://en.wikipedia.org/wiki/Zoophilia_and_the_law_in_the_United_States		Zoophilia in the USA	1	Year of repeal or strikedown	1980 (Jan. 1, 1980)___1995___1979 (Aug. 31, 1979)___1973 (Jan. 1, 1973)___1997 (July 2, 1997)___1993 (June 16, 1993)___1975 (Aug. 6, 1975)___1979 (Sep. 1, 1979)___1975 (June 20, 1975)___1983 (Sep. 1, 1983)___1974 (Jan. 1, 1974)___1974 (Jan. 1, 1974)___1977 (July 1, 1977)___2013 (March 21, 2013)___1976 (June 11, 1976)___1977"	"1995___1980 (Jan. 1, 1980)"	-7	2
http://en.wikipedia.org/wiki/Welsh_Australian		List of notable Welsh-Australians	4	Connection with Wales	born in Wales___born in Wales___Welsh parents___Welsh parents___mother born in Wales___born in Wales___born in Wales___mother born in Wales___born in Wales___lived in Wales between the ages of seven and 14; mother's parents Welsh___Welsh grandparents on his father's side; played for the Welsh under 21 team; Williams was also eligible to play for England or India, the countries in which his parents were born."	"Welsh grandparents on his father's side; played for the Welsh under 21 team; Williams was also eligible to play for England or India, the countries in which his parents were born.___Welsh parents"	-5.542148431	0
http://en.wikipedia.org/wiki/List_of_sportspeople_who_died_during_their_careers		Association football	3	Position	defender___forward___striker___forward______striker___striker___striker___goalkeeper___defender___defender___goalkeeper___defender___striker___striker___winger___striker___midfielder___striker___defender___defender___defender___midfielder___midfielder___defender___goalkeeper___striker______defender___winger___striker___winger___midfielder___midfielder___defender___defender___midfielder___midfielder___midfielder___goalkeeper___defender___midfielder___midfielder___defender___midfielder___defender___midfielder___midfielder___midfielder___winger___striker___defender___midfielder___midfielder___striker______midfielder___striker___winger___winger___defender___winger___striker___midfielder___defender___striker___goalkeeper___defender___striker___striker___goalkeeper___winger___midfielder___defender___striker___goalkeeper___goalkeeper___striker___midfielder___midfielder___defender______goalkeeper___defender___striker___defender___midfielder___striker___striker___goalkeeper___goalkeeper___midfielder___defender___forward___midfielder___striker___forward___defender___striker___midfielder___defender______midfielder___defender___striker_________striker___midfielder___defender___winger___midfielder______full-back___striker___winger___goalkeeper___striker___striker___midfielder___striker___striker___goalkeeper___defender___midfielder___goalkeeper______forward___defender___striker___midfielder___midfielder___defender___defender___midfielder______midfielder___defender______midfielder___striker___winger___striker___midfielder___defender______defender___striker___midfielder___midfielder___striker___defender___midfielder___striker___striker___midfielder___midfielder___midfielder___midfielder___striker___striker___midfielder___defender___midfielder___striker___striker___striker___defender___forward___midfielder___midfielder___half-back___striker___defender___winger___striker___defender___midfielder___goalkeeper___goalkeeper___goalkeeper___striker___midfielder___defender___striker___goalkeeper___midfielder___striker___striker___goalkeeper___defender___striker___midfielder___midfielder___striker___defender___striker___striker___defender___midfielder___striker___goalkeeper___winger___midfielder___defender___striker___midfielder___defender___midfielder (youth team)___defender___midfielder___goalkeeper___goalkeeper___defender___midfielder___midfielder___midfielder___goalkeeper___midfielder___defender___defender___forward___defender___striker___midfielder___defender___striker___goalkeeper___defender___striker___defender/striker___defender___defender___defender___defender______striker___striker______defender___defender___striker___striker___striker___midfielder___midfielder___midfielder___midfielder___goalkeeper___defender___goalkeeper___midfielder___striker___midfielder___midfielder___midfielder___goalkeeper___goalkeeper___midfielder___midfielder___defender______forward___striker___midfielder___defender___centre forward___striker___midfielder___goalkeeper___midfielder___striker___striker___midfielder___goalkeeper___midfielder___Striker___Defender	midfielder (youth team)___defender	-10.0125	0
http://en.wikipedia.org/wiki/Texas_State_Highway_Loop_1		History	6	Notes	Northern terminus of Loop 1 completed, until July 1989 - with construction of the freeway extension to FM 734.___Southern terminus of Loop 1 completed, until October 1989 - with construction of the freeway extension to US 290.___Southern terminus of Loop 1 completed, until November 1990 - with construction of the roadway extension to Slaughter Lane.___Northern terminus of Loop 1 completed, until October 2006 - with construction of the SH 45 North/ Loop 1 Connector toll road. Stack interchange at US 183 is constructed - involved major freeway improvements between Steck Avenue and US 183, from March 1987 to June 1992.___Southern terminus of Loop 1 completed, until July 1991 - with construction of the roadway extension to La Crosse Avenue.___Southern terminus of Loop 1 completed, until May 1994 - with construction of the roadway extension to State Highway 45 .___Southern terminus of Loop 1 completed.___Construction on the SH 45 North Interchange began in September 2003. Northern terminus of Loop 1 completed."	"Northern terminus of Loop 1 completed, until October 2006 - with construction of the SH 45 North/ Loop 1 Connector toll road. Stack interchange at US 183 is constructed - involved major freeway improvements between Steck Avenue and US 183, from March 1987 to June 1992.___Southern terminus of Loop 1 completed."	-13.81481481	0
http://en.wikipedia.org/wiki/Demise_(Nachtmystium_album)		Track listing	1	Title	""Solitary Voyage""___""Scorpio Incarnate""___""Ashes to Ashes""___""The Glorious Moment""___""Rise and Fall""___""Transmission Postmortem (Outro)"" (performed by Azentrius, S.M.T. & A.R.)"	"Transmission Postmortem (Outro) (performed by Azentrius, S.M.T. & A.R.)___""Solitary Voyage"""	-7	0
http://en.wikipedia.org/wiki/List_of_The_Avengers:_Earth%27s_Mightiest_Heroes_episodes		Episodes	5	Original air date	October 20, 2010___October 24, 2010___October 24, 2010___October 24, 2010___October 24, 2010___October 24, 2010___October 27, 2010___November 3, 2010___November 10, 2010___November 17, 2010___November 26, 2010___November 26, 2010___December 5, 2010___December 12, 2010___December 19, 2010___January 9, 2011___January 16, 2011___January 23, 2011___April 4, 2011 (Australia) May 15, 2011 (United States)___April 5, 2011 (Australia) May 22, 2011 (United States)___April 6, 2011 (Australia) May 29, 2011 (United States)___April 7, 2011 (Australia) June 5, 2011 (United States)___April 8, 2011 (Australia) June 12, 2011 (United States)___April 11, 2011 (Australia) June 19, 2011 (United States)___April 12, 2011 (Australia) June 26, 2011 (United States)"	"October 20, 2010___April 7, 2011 (Australia) June 5, 2011 (United States)"	-6.8	2
http://en.wikipedia.org/wiki/List_of_Guantanamo_Bay_detainees		The list	3	Notes	Former resident of Canada___Continued detention considered by CSRT___released___Name appears as Muhammad Ashraf on the Washington Post list of detainees. Repatriated fall 2004. Released June 28, 2005. Asharf's name does not appear on the May 15, 2006 DoD list of Guantanamo detainees.___Continued detention considered by CSRT"	"Name appears as Muhammad Ashraf on the Washington Post list of detainees. Repatriated fall 2004. Released June 28, 2005. Asharf's name does not appear on the May 15, 2006 DoD list of Guantanamo detainees.___released"	-6.384615385	0
http://it.wikipedia.org/wiki/Quarta_Lega_FTC		Stagione 2010-2011	1	G	AS Sessa___FC Stella Capriasca 1___FC Pura___FC Ligornetto___AS Rovio___AS Villa Luganese___AC Curio/Novaggio___FC Gravesano-Bedano___FC Rapid Lugano 2___FC Origlio-Ponte Capriasca___AC Taverne 2	AS Sessa___FC Origlio-Ponte Capriasca	-5.592	0
http://pt.wikipedia.org/wiki/Anexo:Lista_de_estados_tradicionais_da_Nig%C3%A9ria			6	T??tulo	Lamido___Etsu___Deji___Edidem___Mai-Bedde___Lamido___Oba___Etsu___Emir___Shehu___Sarkin___Modibo___Emir___Emir___Emir___Olubadan___Alani___Och'Idoma___Ata___Ohinoyi___Awujale___Owa___Emir___Oluwo___Emir___Emir___Gbong Gwon___Amanyanabo___Emir___Emir___Emir___Emir___Amir Argungu___Emir___Emir___Ohimege___Emir___Emir___Emir___Emir___Emir___Emir___Emir___Emir___Amanyanabo___Amanyanabo___Chefe___Igwe___Obong___Oshile___Orodje___Amanyanabo___Osemawe___Obi___Amanyanabo___Ataoja___Owo___Alaaafin___Etsu___Tor Tiv___Aku Uka___Sarkin___Sarkin	Lamido___Mai-Bedde	-7.15	0
http://sv.wikipedia.org/wiki/Lista_%C3%B6ver_rosv%C3%A4xternas_sl%C3%A4kten		D	1	Auktor	Raf.___Kurz___Decne.___(C.K.Schneid.) Koidz.___L.___Fourr.___Sm.	(C.K.Schneid.) Koidz.___Kurz	-8.3125	0
http://en.wikipedia.org/wiki/You_Can_Dance_%E2%80%93_Po_Prostu_Ta%C5%84cz!_(season_5)		Top 14 Finalists	3	Dance Specialty	Ballrom Latin___Contemporary/New Age___Contemporary___Hip-Hop___Contemporary/Jazz___Contemporary	Contemporary___Contemporary/New Age	-7.15	0
http://en.wikipedia.org/wiki/Comparison_of_application_virtualization_software		List of application virtual machine implementations	5	Implementation Language	C___C___Forth, Forth Assembler___JDK, OpenJDK & IcedTea with regular JIT : Java, C, ASM ; IcedTea with the ""Zero"" JIT : Java, C___C++___C___C#, C___C___C, Perl___C, Perl___C___C++___C++___Smalltalk/Slang___C++___C___C"	"JDK, OpenJDK & IcedTea with regular JIT : Java, C, ASM ; IcedTea with the ""Zero"" JIT : Java, C___C"	-10.48412721	2
http://en.wikipedia.org/wiki/1996_IndyCar_season		Full Series Results	3	Team ???	Newman Haas Racing___Target Ganassi Racing___Marlboro Team Penske___Newman Haas Racing___Jim Hall Racing___Team Rahal___Team Rahal___Forsythe Racing___Patrick Racing___Tasman Motorsports___Tasman Motorsports___Marlboro Team Penske___PacWest Racing___Bettenhausen Racing___PacWest Racing___Comptech Racing___Walker Racing___Hogan Penske___Galles Racing___Payton/Coyne Racing___Brahma Sports Team___All American Racing___Hogan Penske___Walker Racing___All American Racing___Arciero-Wells Racing___Payton/Coyne Racing___Della Penna Motorsports___Dick Simon Racing___Galles Racing___Dick Simon Racing___Arciero-Wells Racing___Della Penna Motorsports___Dick Simon Racing___PacWest Racing___Walker Racing___Walker Racing___Bettenhausen Racing___	Team Rahal___Newman Haas Racing	-5.912	0
https://de.wikipedia.org/wiki/Google_Chrome		Versionen	3	Anmerkungen und wichtige ??nderungen | V8	0.4___1.2___1.3___2.1___2.2___2.3.11.22___2.4.9.19___2.5.9.11___3.0.12.18___3.1.8.12___3.2.10.15___3.3.10.22___3.4.14.21___3.5.10.22___3.6.6.11___3.7.12.20___3.8.9.16___3.9.24.21___3.10.8.4___3.11.10.17___3.12.19.15___3.13.7.5___3.15.0___3.15.0.1___3.16.14.9___3.17.6.14___3.18.5.8 (Linux); 3.18.5.9 (OS X und Windows)___3.19.18.19___3.20.17.13	3.18.5.8 (Linux); 3.18.5.9 (OS X und Windows)___0.4	-20.2	2
http://en.wikipedia.org/wiki/Lawrence_Cheng		Filmography	1	Title	The Third Hand___Hell Has No Boundary___The Drummer___Behind the Yellow Line___Seven Angels___Happy Bigamist___Heart to Hearts___Miracles___Brief Encounter in Shinjuku___Alien Wife___Game Kids___The Eight Hilarious Gods___The True Hero___Heaven Can't Wait___Those Were the Days___The Storm Riders___Born Wild___The Eye___Truth or Dare: 6th Floor Rear Flat___Six Strong Guys___Bug Me Not!___Cocktail___Simply Actors___Ocean Flame___Break Up Club___Hi, Fidelity"	Truth or Dare: 6th Floor Rear Flat___Miracles	-5.669511555	0
http://en.wikipedia.org/wiki/Mos_Def		Filmography	2	Role	Townsperson___Wilt Crawley___Himself___Also recorded a song for the movie's soundtrack with other members of the Mau Maus___Lieutenant Miller___Lazy Boy___1 episode: Chair Man of the Board___Left Ear___Detective Lucas___Nominated - Emmy for Outstanding Lead Actor in a Miniseries or a Movie Nominated - Golden Globe for Best Performance by an Actor in a Mini-Series or a Motion Picture Made for Television Nominated - Image Awards for Outstanding Actor in a Mini-Series or Television Movie___The Bandleader___Himself___Cameo___Narrator___Mike___Eric___Season 5, Episode 19, Locked In___Himself___Season 3, Episode 44, Superhero"	Nominated - Emmy for Outstanding Lead Actor in a Miniseries or a Movie Nominated - Golden Globe for Best Performance by an Actor in a Mini-Series or a Motion Picture Made for Television Nominated - Image Awards for Outstanding Actor in a Mini-Series or Television Movie___Townsperson	-6.587711889	0
http://en.wikipedia.org/wiki/2007_UMass_Minutemen_football_team		Schedule	5	TV	TWCS___CN8___CN8___ESPN360______CN8_________CN8___ESPNU___ESPNU___ESPN GamePlan (NESN, MASN, TWCS, Cox Sports)"	"ESPN GamePlan (NESN, MASN, TWCS, Cox Sports)___TWCS"	-16.75	0
http://en.wikipedia.org/wiki/Phil_Vassar_discography		Videography	1	Video	""American Child""___""This Is God""___""I'll Take That as a Yes (The Hot Tub Song)""___""Good Ole Days""___""Last Day of My Life""___""This Is My Life""___""Bobbi with an I""___""Let's Get Together""___""Don't Miss Your Life"""	"I'll Take That as a Yes (The Hot Tub Song)___""American Child"""	-5.509803922	0
http://en.wikipedia.org/wiki/Helmut_Wick		Awards	2	Direct English translation	Hauptmann Wick shot down five fighters in aerial combat on the same day, hereby achieving his 41st aerial victory.___Major Wick achieved his 48th to 53rd aerial victory on the 6th and 7 November by the shooting down six enemy aircraft.___The Baron von Richthofen Fighter Wing under the leadership of Major Wick achieved its 500th aerial victory.___The Commodore of Fighter Wing Richhofen, Major Wick, failed to return from a combat operation after recording his 56th aerial victory. Major Wick, who was decorated with the Oak leaves to the Knight's Cross of the Iron Cross for his heroic actions and struggle for the future of the German people, will live on as an example to the German people and especially to the German youth."	"The Commodore of Fighter Wing Richhofen, Major Wick, failed to return from a combat operation after recording his 56th aerial victory. Major Wick, who was decorated with the Oak leaves to the Knight's Cross of the Iron Cross for his heroic actions and struggle for the future of the German people, will live on as an example to the German people and especially to the German youth.___The Baron von Richthofen Fighter Wing under the leadership of Major Wick achieved its 500th aerial victory."	-6.524752475	0
http://es.wikipedia.org/wiki/Poblaci%C3%B3n_de_Am%C3%A9rica_precolombina		Am??rica del Sur	1	Poblaci??n	15.000___3.000___35.000___10.000___50.000___25.000___92.000-113.000___20.000-26.000 6.000-8.000 6.000-8.000 8.000-10.000___31.000-35.000 12.000 3.000 8.000-10.000 8.000-10.000___35.000-44.000 6.000-8.000 8.000-10.000 3.000-4.000 3.000-4.000 5.000-6.000 10.000-12.000___6.000-8.000___230.000-251.000	31.000-35.000 12.000 3.000 8.000-10.000 8.000-10.000___15.000	-7.59862069	2
http://en.wikipedia.org/wiki/ESTREAM		Submissions	0	Cipher	HC-256 (HC-128, HC-256)___MICKEY (MICKEY 2.0, MICKEY-128 2.0)___Rabbit___Salsa20___SOSEMANUK___Trivium"	"MICKEY (MICKEY 2.0, MICKEY-128 2.0)___Rabbit"	-6.266782609	0
http://ar.wikipedia.org/wiki/%D9%85%D8%B3%D8%A7%D8%B9%D8%AF%D8%A9:%D8%AF%D9%88%D8%A7%D9%84_%D8%A7%D9%84%D9%82%D9%88%D8%A7%D9%84%D8%A8		????????????	2	????????	{{#expr: 30 / 7}} = 4.2857142857143___{{#expr: 30 + 7}} = 37___{{#expr: 30 - 7}} = 23___{{#expr: 30 mod 7}} = 2___{{#expr: 30 / 7 round 7}} = 4.2857143___{{#expr: 30 = 7}} = 0___{{#expr: 30 <> 7}} = 1___{{#expr: 30 < 7}} = 0___{{#expr: 30 > 7}} = 1___{{#expr: 30 <= 7}} = 0___{{#expr: 30 >= 7}} = 1___{{#expr: 30 and 7}} = 1___{{#expr: 30 or 7}} = 1___{{#expr: not 7}} = 0___{{#expr: (30 + 7) * 7 }} = 259	{{#expr: (30 + 7) * 7 }} = 259___{{#expr: not 7}} = 0	-8.766525984	0
http://en.wikipedia.org/wiki/FedEx_Air_%26_Ground_NFL_Players_of_the_Week		2011 FedEx Air winners	4	Key statistics and notes	Stafford completed 23 of 39 passes for 294 yards, four touchdowns and one interception in the Lions' 48-3 win over the Chiefs.___Flacco completed 27 of 48 passes for 389 yards and three touchdowns in the Ravens' 37-7 victory over the Rams.___Rodgers completed 29 of 38 passes for 408 yards, four touchdowns and an interception in a 49-23 win over the Broncos.___Rodgers threw for 396 yards and two scores in the Packers' 25-14 victory over the Falcons.___Rodgers threw for 310 yards, three touchdowns and an interception in the Packers' 24-3 win over the Rams.___Rodgers completed 24 of 30 passes for 335 yards and three touchdowns in the Packers' 33-27 win over the Vikings.___Roethlisberger completed 36 of 50 passes for 365 yards, two touchdowns and one interception in the Steelers' 25-17 win over the Patriots.___Rodgers converted 80.8 percent of his pass attempts for 247 yards and four scores in the Packers' 45-38 win over the Chargers.___Romo completed 23 of 26 passes for 270 yards and 3 touchdowns in Cowboys' 44-7 win over the Bills.___Stafford completed 28 of 36 passes for 336 yards, 5 touchdowns and 2 interception in Lions' 49-35 win over the Panthers.___Brees completed 24 of 38 passes for 363 yards and four touchdowns in a 49-24 win over the Giants.___Rodgers completed 28 of 46 passes for 369 yards, 4 touchdowns and 1 interception in a 38-35 win over the Giants.___Ryan completed 22 of 38 passes for 320 yards and 4 touchdowns in a 31-23 win over the Panthers.___Brees completed 32 of 40 passes for 412 yards and five touchdowns in a 42-20 win over the Vikings.___Brees completed 23 of 39 passes for 307 yards, 4 touchdowns and 2 interceptions in a 45-16 win over the Falcons. During this game, Brees broke the all-time season yardage record by a quarterback, passing Dan Marino's previous mark.___Backup quarterback Matt Flynn completed 31 of 44 passes for Packers' record 480 yards and 6 touchdowns, and 1 interception."	"Brees completed 23 of 39 passes for 307 yards, 4 touchdowns and 2 interceptions in a 45-16 win over the Falcons. During this game, Brees broke the all-time season yardage record by a quarterback, passing Dan Marino's previous mark.___Rodgers threw for 396 yards and two scores in the Packers' 25-14 victory over the Falcons."	-7.035965473	0
http://fi.wikipedia.org/wiki/McLaren		McLarenin saavutukset Formula 1 -sarjassa	1	Runko/Moottori Renkaat	M4B M5A BRM V8 BRM V12 G___M5A M7A BRM V12 Ford Cosworth V8 G___M7A M7B M7C M9A Ford Cosworth V8 G___M7D M14A M14D Ford Cosworth V8 Alfa Romeo V8 G___M14A M19A Ford Cosworth V8 G___M19A M19C Ford Cosworth V8 G___M19A M19C M23 Ford Cosworth V8 G___M23 Ford Cosworth V8 G___M23 Ford Cosworth V8 G___M23 M26 Ford Cosworth V8 G___M23 M26 Ford Cosworth V8 G___M26 Ford Cosworth V8 G___M26 M28 M28B M28C M29 Ford Cosworth V8 G___M29B M29C M30 Ford Cosworth V8 G___M29C M29F MP4 Ford Cosworth V8 M___MP4B Ford Cosworth V8 M___MP4/1C MP4/1E Ford Cosworth V8 Ford Cosworth V8 TAG V6 T M___M___MP4/2B TAG V6 T G___MP4/2C TAG V6 T G___MP4/3 TAG V6 T G___MP4/4 Honda V6 T G___MP4/5 Honda V10 G___MP4/5B Honda V10 G___MP4/6 Honda V12 G___MP4/6B MP4/7A Honda V12 Honda V12 G___MP4/8 Ford V8 G___MP4/9 Peugeot V10 G___MP4/10 Mercedes V10 G___MP4/11 Mercedes V10 G___MP4/12 Mercedes V10 Mercedes V10 G___MP4/13 Mercedes V10 B___MP4/14 Mercedes V10 B___MP4/15 Mercedes V10 B___MP4-16 Mercedes V10 B___MP4-17 Mercedes V10 M___MP4-17D Mercedes V10 Mercedes V10 M___MP4-19 Mercedes V10 M___MP4-20 Mercedes V10 M___MP4-21 Mercedes V8 M___MP4-22 Mercedes V8 B___MP4-23 Mercedes V8 B___MP4-24 Mercedes V8 B___MP4-25 Mercedes V8 B___MP4-26 Mercedes V8 P___MP4-27 Mercedes V8 P___MP4-28 Mercedes V8 P	M___MP4/1C MP4/1E Ford Cosworth V8 Ford Cosworth V8 TAG V6 T M	-8.009489225	2
http://en.wikipedia.org/wiki/Got_To_Dance_%E2%80%93_Tylko_Taniec_(season_1)		Semi-finalists	1	Style	Hip-Hop/Krump/Popping___Folk Dances___Hip-Hop___Hip-Hop/Popping/Krump/Jackson Style___Hip-Hop/Popping___Polish National Dances___Contemporary/Jazz___High Heels___Hip-Hop/Krump___Ballroom latin___Hip-Hop___Breakdance___Samba	Breakdance___Hip-Hop/Popping/Krump/Jackson Style	-5.801956332	0
http://en.wikipedia.org/wiki/Outside_Society		Track listing	1	Title	""Free Money""___""Ain't It Strange""___""Pissing in a River""___""Because the Night""___""Rock n Roll Nigger""___""Dancing Barefoot""___""Frederick""___""So You Want to Be a Rock 'n' Roll Star""___""People Have the Power""___""Up There Down There""___""Beneath the Southern Cross""___""Summer Cannibals""___""1959""___""Glitter in Their Eyes""___""Lo and Beholden""___""Smells Like Teen Spirit""___""Trampin'"""	"So You Want to Be a Rock 'n' Roll Star___""1959"""	-13.47209497	0
http://en.wikipedia.org/wiki/Root_mean_square		RMS of common waveforms	0	Waveform	Sine wave___Square wave___DC Shifted Square wave___Modified square wave___Triangle wave___Sawtooth wave___Pulse train___Notes: t is time f is frequency a is amplitude (peak value) D is the duty cycle or the percent(%) spent high of the period (1/f) {r} is the fractional part of r"	Notes: t is time f is frequency a is amplitude (peak value) D is the duty cycle or the percent(%) spent high of the period (1/f) {r} is the fractional part of r___Sine wave	-11.30769231	0
http://fi.wikipedia.org/wiki/Noorduyn_C-64_Norseman		Tekniset tiedot	1	Arvo	15,7 m___3,0 m___1 Pratt & Whitney R-1340AN-1 (600 hv)___260 km/h___1 851 km___1 tai 2___5 181 m___1 929 kg___3 356 kg"	"1 Pratt & Whitney R-1340AN-1 (600 hv)___15,7 m"	-5.865642267	2
http://en.wikipedia.org/wiki/List_of_interplanetary_voyages		Completed flights	4	Flight duration	1459 days (3 yr, 11 mo, 29 d)___309 days (10 months, 5 days)___213 days (7 months, 1 day)___2452 days (6 yr, 8 mo, 17 d) 2649 days (Huygens) (7 years, 3 months)___287 days (9 months, 13 days)___335 days (11 months, 1 day)"	"2452 days (6 yr, 8 mo, 17 d) 2649 days (Huygens) (7 years, 3 months)___309 days (10 months, 5 days)"	-9.940740741	0
http://en.wikipedia.org/wiki/The_Perfect_Prescription		Track listing	1	Title	""Walkin' With Jesus""___""Ode to Street Hassle""___""Ecstasy Symphony/Transparent Radiation (Flashback)"" (""Transparent Radiation"" Barthelme, Cunningham, Thompson)___""Feel So Good""___""Things'll Never Be the Same""___""Come Down Easy""___""Call the Doctor"""	"Ecstasy Symphony/Transparent Radiation (Flashback) (""Transparent Radiation"" Barthelme, Cunningham, Thompson)___""Call the Doctor"""	-6.606794022	0
http://ja.wikipedia.org/wiki/%E3%82%A4%E3%83%83%E3%83%86%E3%83%AB%E3%83%93%E3%82%A6%E3%83%A0%E3%81%AE%E5%90%8C%E4%BD%8D%E4%BD%93		??€???	4	?????????	0.7(2) s___700# ms [>200 ns]___1.6(5) s___3.04(6) s___4.2(2) s___0.409(2) s___1.793(19) s___26.1(7) s___38.6(10) s___1.49(13) min___1.67(9) min___4.8(2) min___4.2(2) min___18.87(19) min___11.05(25) min___75.8(17) min___9.9(3) min___56.7(1) h___17.5(2) min___32.026(5) d___4.185(1) d___1.911(3) h___74(3) min___8.0(4) min___2.4(5) min___1# min	700# ms [>200 ns]___1# min	-6.380434783	0
http://de.wikipedia.org/wiki/Liste_von_Dateinamenserweiterungen/B			1	MIME-Typ	____________________________________________________________________________________________________________________________________________________________________________________application/mac-binary, application/macbinary, application/octet-stream, application/x-binary, application/x-macbinary,____________________________________________________________image/bmp____________image/bmp, image/x-windows-bmp___image/bmp, image/x-windows-bmp___image/bmp, image/x-windows-bmp______________________________application/book___application/book________________________________________________________________________________________________________________________________________________application/x-bzip___application/x-bzip2"	"application/mac-binary, application/macbinary, application/octet-stream, application/x-binary, application/x-macbinary,___image/bmp"	-5.886160714	0
http://en.m.wikipedia.org/wiki/Danny_Masterson	Film	FilmographyEdit	2	Role	Mikey___Karl___Danny___Dirt Merchant___Nightshade___credited as Daniel Masterson___Larry___Steve___Rooney___Jury Award Best Florida Comedy (shared with Dave Steck, Brett Halsey, Michael Cecchi, Julian Kheel)___Shane___Jerry Rubin___Post-production"	"Jury Award Best Florida Comedy (shared with Dave Steck, Brett Halsey, Michael Cecchi, Julian Kheel)___Mikey"	-8.192136499	0
http://fr.wikipedia.org/wiki/Routes_du_Nouveau-Brunswick		Routes Principales (0 ?? 99)	4	Position dans le Nouveau-Brunswick	Traverse toute la province, du nord-ouest au sud-est___Sud-Ouest___Sud-Ouest___centre-sud___centre___Centre-sud___Nord-est___sud-est___sud-est___Nord-Ouest___ouest"	"Traverse toute la province, du nord-ouest au sud-est___centre"	-7.133333333	0
http://it.wikipedia.org/wiki/Coppa_del_Mondo_di_cricket_1987		Fase a gironi	4	Risultato	NZL vince di tre runs___AUS vince di 96 runs___IND vince di 16 runs___IND vince di 8 wickets___AUS vince di tre runs Rinviata al 19 per pioggia, ridotta a 30 overs a testa per pioggia___IND vince di 56 runs___NZL vince di 4 wickets___IND vince di 7 wickets___AUS vince di 17 runs___AUS vince di 70 runs___IND vince di 9 wickets"	"AUS vince di tre runs Rinviata al 19 per pioggia, ridotta a 30 overs a testa per pioggia___IND vince di 8 wickets"	-19	0
http://de.wikipedia.org/wiki/Serie_A_1930/31		Teilnehmer	2	Stadion	Arena Civica___Stadio Littoriale___Stadium___Stadio Natale Palli___Stadio Marassi___Stadio di Corso Marsiglia___Stadio Rondinella (vom 1. bis zum 19. Spieltag) Stadio Nazionale del PNF (ab dem 21. Spieltag) Campo di Porta Romana, Foligno (am 29. Spieltag)___Stadio Carlo Pisacane Campo San Siro, Mailand (am 24. Spieltag)___Campo di Villa Chayes Stadio Monteoliveto, Pistoia (am 27.Spieltag)___Campo San Siro___Stadio Ex Velodromo___Stadio Partenopeo Campo di Piazza d'Armi, Salerno (am 30. Spieltag)___Stadio Carlo Speroni___Foro Boario___Campo Testaccio Stadio Viale Brin, Terni (am 30. Spieltag)___Stadio Filadelfia___Stadio Montebello"	"Stadio Rondinella (vom 1. bis zum 19. Spieltag) Stadio Nazionale del PNF (ab dem 21. Spieltag) Campo di Porta Romana, Foligno (am 29. Spieltag)___Stadium"	-7.641853316	0
http://en.wikipedia.org/wiki/Syrian_records_in_athletics		Outdoor	2	Athlete	Ghada Shouaa___Ghofrane Al-Mohamed___Hala el Moughrabi___Imane Mounir Al-Jallad___Imane Mounir Al-Jallad___Zeinab Bakour___Zeinab Bakour___Ghada Shouaa___Ghofrane Mohammad___Raya Fatima___Ghada Shouaa___Rihane Shiha___Ghada Shouaa___Fadoua Al-Boza___Ghada Shouaa___Lina Hazouri___Lisa Al-Saleh___Ghada Shouaa___Ghada Shouaa___Oroba Ammo___Rania Mohammad Othman___Syria Soumaya Youhanoun S. Awad A. Moughrabi Hiyam SalehYouhanoun, S. - Awad, S. - Moughrabi, A. - Saleh, H___Syria Ghofrane Al-Mohammad Fadwa Al-Boza H. Mashadani Munira Saleh"	Syria Ghofrane Al-Mohammad Fadwa Al-Boza H. Mashadani Munira Saleh___Ghada Shouaa	-11.73660714	0
http://fr.wikipedia.org/wiki/Bragging_rights_2010	Liste de toutes les rencontres programm??es lors de ce pay-per-view.	Matchs	1	Match	Daniel Bryan def. Dolph Ziggler___John Cena et David Otunga def. Cody Rhodes et Drew McIntyre (c)___Ted DiBiase (avec Maryse) def. Goldust (avec Aksana)___Layla (avec Michelle McCool) (c) def. Natalya___Kane (c) def. The Undertaker___Team SmackDown (Big Show [capitaine], Rey Mysterio, Jack Swagger, Alberto Del Rio, Edge, Tyler Reks et Kofi Kingston [avec Hornswoggle en mascotte]) def. Team Raw (The Miz [capitaine], R-Truth, John Morrison, Santino Marella, Sheamus, CM Punk et Ezekiel Jackson)___Wade Barrett (avec John Cena) def. Randy Orton (c) par disqualification"	"Team SmackDown (Big Show [capitaine], Rey Mysterio, Jack Swagger, Alberto Del Rio, Edge, Tyler Reks et Kofi Kingston [avec Hornswoggle en mascotte]) def. Team Raw (The Miz [capitaine], R-Truth, John Morrison, Santino Marella, Sheamus, CM Punk et Ezekiel Jackson)___Daniel Bryan def. Dolph Ziggler"	-6.179791813	0
http://en.wikipedia.org/wiki/List_of_QI_episodes		Series	4	Original airdate	16 September 2011 17 September 2011 (XL edition)___23 September 2011 24 September 2011 (XL edition)___30 September 2011 1 October 2011 (XL edition)___7 October 2011 8 October 2011 (XL edition)___14 October 2011 15 October 2011 (XL edition)___21 October 2011 22 October 2011 (XL edition)___28 October 2011 29 October 2011 (XL edition)___4 November 2011 5 November 2011 (XL edition)___11 November 2011 12 November 2011 (XL edition)___29 December 2011 19 November 2011 (XL edition)___25 November 2011 26 November 2011 (XL edition)___2 December 2011 3 December 2011 (XL edition)___16 December 2011___23 December 2011___29 December 2011 30 December 2011 (XL edition)___27 April 2012 19 May 2012 (XL edition)___4 May 2012 24 May 2012 (XL edition)	16 December 2011___7 October 2011 8 October 2011 (XL edition)	-10	0
http://en.wikipedia.org/wiki/Offshore_concrete_structure		Major offshore concrete structures	2	Operator	Atlantic Richfield___Mobil___Shell___Elf___Shell___Elf___Elf___Shell___Elf___Mobil___Petrobras___Petrobras___Petrobras___TAQA Bratani___Chevron___Shell___Mobil___Amoco Canada___Phillips___Texaco___Texaco___Mobil___Global Marine___Statoil___Statoil___Norsk Hydro]___Statoil___Hamilton Bros___Phillips___Elf Congo___Shell___Saga___Statoil___Shell___Conoco___BP___Shell___Conoco___Norsk Hydro___Esso___Esso___Ampolex___Mobil___Amerada Hess___Shell___Sakhalin Energy Investment Company Ltd. (SEIC)___Sakhalin Energy Investment Company Ltd. (SEIC)___ExxonMobil___MPU Heavy Lifter (MPU filed for bankruptcy before completion, it was thereafter demolished)"	Sakhalin Energy Investment Company Ltd. (SEIC)___BP	-6.630641822	2
http://nl.wikipedia.org/wiki/Bassie_%26_Adriaan:_Het_Geheim_van_de_Sleutel		Afleveringen	1	Titel	Het nieuwe nummer___Vakantieplannen___In het vliegtuig___Spanje___Het Spaanse restaurant (Verloren aflevering. Voor uitleg, zie kopje 'Verloren afleveringen')___Het uitstapje___Het auto-ongeluk___Het geheim van de sleutel___De ontvoering___Een sleutel als losgeld___De ontknoping"	"Het Spaanse restaurant (Verloren aflevering. Voor uitleg, zie kopje 'Verloren afleveringen')___Vakantieplannen"	-5.583333333	0
http://en.wikipedia.org/wiki/English_language		Geographical distribution	4	As an additional language	86,125,221 second language speakers. 38,993,066 third language speakers___88,690,000___>75,000,000___1,500,000___43,974,000___7,551,390___2,591,660______665,568"	"86,125,221 second language speakers. 38,993,066 third language speakers___665,568"	-7.843478261	2
http://en.wikipedia.org/wiki/Neon_Hitch		Discography	0	Title	""What's Urban""___""Take It Off (K$ N' Friends Version)""___""Get Over U""___""Fuck U Betta""___""Pink Fields"""	"Take It Off (K$ N' Friends Version)___""Pink Fields"""	-5.875	0
http://fi.wikipedia.org/wiki/Ego_Trippin%27		Kappalelista	4	Samplet	""Voyage to Atlantis"" - The Isley Brothers_____________________Cover of ""Cool"" - The Time______""Hollywood Knights"" - Brooklyn Dreams________________________""Make It Good"" - Prince Phillip Mitchell___""Celtic Rain"" - Mike Oldfield______""Down Rodeo"" - Rage Against The Machine, ""Shame on a Nigga"" - Ol' Dirty Bastard interpolation___""Ain't Nobody"" - Rufus & Chaka Khan"	"Down Rodeo - Rage Against The Machine, ""Shame on a Nigga"" - Ol' Dirty Bastard interpolation___""Hollywood Knights"" - Brooklyn Dreams"	-6.346246973	0
http://no.wikipedia.org/wiki/Richard		Utbredelse	3	Andel menn	___2 %_______________0,6 %___1 %_____________________0,5 %___0,4 %______ca. ca 0,5 % %________________________0,2 %_________0,002 %___0,09 %___0,1 %____________0,0006 %___0,0008 %_________0,002 %______"	"ca. ca 0,5 % %___2 %"	-6.44	2
http://en.wikipedia.org/wiki/Door_Door		Ports and expanded editions	0	Platform	Sharp MZ-2000___Fujitsu FM-7___NEC PC-6001___Fujitsu FM-77___MSX computers___Famicom___NTT DoCoMo FOMA 505i and 900i series of mobile phones	NTT DoCoMo FOMA 505i and 900i series of mobile phones___Famicom	-15.17826087	2
http://nl.wikipedia.org/wiki/Bloemenbuurt_(Almere)		Openbaar vervoer	1	Route	Station Buiten - Gooisekant___Station Centrum - Station Buiten - Station Oostvaarders - Station Parkwijk - Station Centrum___Schiphol-Oost - Molenbuurt___Amsterdam Holendrecht - Station Buiten	Station Centrum - Station Buiten - Station Oostvaarders - Station Parkwijk - Station Centrum___Station Buiten - Gooisekant	-6.369087838	0
http://en.wikipedia.org/wiki/Nine_Black_Poppies		Track listing	1	Title	""Going to Utrecht""___""Cheshire County""___""Chanson du Bon Chose""___""Pure Money""___""I Know You've Come to Take My Toys Away""___""Nine Black Poppies""___""Stars Fell on Alabama""___""Lonesome Surprise"" (Refrigerator)"	"I Know You've Come to Take My Toys Away___""Cheshire County"""	-5.562228024	0
